Marital_status,Application_mode,Application_order,Course,Daytime_evening_attendance,Previous_qualification,Previous_qualification_grade,Nacionality,Mothers_qualification,Fathers_qualification,Mothers_occupation,Fathers_occupation,Admission_grade,Displaced,Educational_special_needs,Debtor,Tuition_fees_up_to_date,Gender,Scholarship_holder,Age_at_enrollment,International,Unemployment_rate,Inflation_rate,GDP,Status,Curricular_units_approved,Curricular_units_grade,Curricular_units_evaluations,Curricular_units_credited,Curricular_units_enrolled,Curricular_units_without_evaluations,Probability
1,18,1,9238,1,1,137.0,1,19,38,5,8,137.4,1,0,0,1,0,0,18,0,10.8,1.4,1.74,0,3,23.0,24,0,12,0,0.37
1,1,1,9853,1,1,140.0,1,19,19,7,7,124.6,1,0,0,1,0,0,18,0,16.2,0.3,-0.92,0,12,25.166666666666664,15,0,14,0,0.37
1,18,4,9556,1,1,127.0,1,1,38,4,7,121.8,1,0,0,1,0,0,20,0,12.7,3.7,-1.7,0,15,22.8625,23,0,15,0,0.36
1,1,1,9238,1,1,151.0,1,19,38,9,9,157.0,1,0,1,1,0,1,18,0,7.6,2.6,0.32,0,9,22.6,20,0,12,0,0.335
1,1,1,9085,1,1,138.0,1,19,19,3,3,131.0,1,0,0,1,0,0,18,0,9.4,-0.8,-3.12,0,9,25.666666666666664,16,0,10,2,0.385
1,17,2,9500,1,1,127.0,1,3,3,1,10,118.8,1,0,0,1,1,0,19,0,16.2,0.3,-0.92,0,12,26.65,16,0,14,0,0.355
1,44,1,9003,1,39,150.0,1,4,5,4,2,150.0,0,0,0,1,1,0,21,0,16.2,0.3,-0.92,0,10,22.42857142857143,32,0,12,0,0.37
1,1,1,9147,1,1,143.0,1,1,1,4,6,138.8,0,0,0,0,1,0,18,0,8.9,1.4,3.51,0,5,24.833333333333336,17,0,10,0,0.43
1,17,1,9991,0,1,154.0,1,38,38,4,5,134.1,0,0,0,1,0,0,24,0,7.6,2.6,0.32,0,5,25.833333333333336,20,0,10,1,0.36
1,1,1,9500,1,1,139.0,1,37,38,6,6,121.3,1,0,0,1,0,1,19,0,9.4,-0.8,-3.12,0,12,23.666666666666668,20,0,16,0,0.335
1,1,1,9773,1,1,127.0,1,1,19,7,7,121.8,1,0,0,1,0,1,20,0,9.4,-0.8,-3.12,0,7,25.0,23,0,12,0,0.335
1,1,3,171,1,1,125.0,1,38,37,4,9,115.2,1,0,0,1,0,0,18,0,7.6,2.6,0.32,1,0,0.0,0,0,0,0,0.59
1,17,3,171,1,1,133.0,1,1,37,4,7,126.0,1,0,0,1,1,1,19,0,10.8,1.4,1.74,1,0,0.0,0,0,0,0,0.565
1,17,1,9070,1,1,127.0,1,1,1,3,4,130.2,1,0,0,1,1,0,19,0,10.8,1.4,1.74,0,6,21.4,14,0,12,0,0.37
1,43,1,9070,1,1,116.0,1,1,1,3,3,120.9,0,0,0,1,1,0,24,0,12.7,3.7,-1.7,1,0,0.0,12,0,12,0,0.665
1,39,1,9254,1,1,160.0,1,19,37,7,10,100.0,0,0,0,1,1,0,26,0,12.7,3.7,-1.7,0,11,22.8,15,0,12,0,0.355
1,17,1,9147,1,1,148.0,1,38,37,5,5,134.0,0,0,0,1,1,0,18,0,7.6,2.6,0.32,1,0,0.0,14,0,10,0,0.59
1,17,1,9254,1,1,120.0,1,19,19,4,4,125.5,0,0,0,1,1,0,18,0,12.7,3.7,-1.7,0,8,23.333333333333336,14,0,10,0,0.37
1,1,6,9147,1,1,143.0,1,38,37,9,9,128.7,1,0,0,1,1,0,23,0,11.1,0.6,2.02,0,9,27.8,11,0,10,0,0.37
1,43,2,9119,1,1,115.0,1,38,19,9,6,112.2,1,0,1,1,1,0,18,0,15.5,2.8,-4.06,0,2,10.0,18,0,10,0,0.38
1,15,1,9119,1,1,130.0,26,38,3,9,2,137.0,1,0,0,1,1,0,19,1,13.9,-0.3,0.79,0,8,27.25,20,0,10,0,0.365
1,1,1,9085,1,1,135.0,1,1,2,9,1,134.3,1,0,0,1,0,0,19,0,12.7,3.7,-1.7,0,10,28.0,14,0,10,2,0.38
1,17,2,9853,1,1,133.1,1,19,1,9,3,107.0,1,0,0,1,0,0,20,0,16.2,0.3,-0.92,0,9,24.666666666666664,22,0,14,0,0.365
1,17,2,9147,1,1,123.0,1,1,38,4,7,115.3,1,0,0,1,0,1,18,0,8.9,1.4,3.51,0,6,24.0,20,0,10,0,0.325
1,43,1,9500,1,1,130.0,1,38,38,9,5,100.0,0,0,0,1,0,0,20,0,13.9,-0.3,0.79,0,13,24.616666666666667,18,0,14,0,0.355
1,17,1,9238,1,1,154.0,1,19,37,9,7,140.4,1,0,0,1,0,1,20,0,7.6,2.6,0.32,0,6,20.75,25,0,12,0,0.32
1,17,1,9147,1,1,120.0,1,19,19,3,3,113.4,0,0,0,1,0,0,20,0,12.4,0.5,1.79,0,6,21.0,21,0,10,0,0.37
1,1,1,9853,1,1,146.0,1,19,38,9,3,145.3,1,0,0,1,0,1,18,0,9.4,-0.8,-3.12,0,10,26.200000000000003,15,0,12,0,0.345
1,1,2,9500,1,1,117.0,1,19,1,4,7,112.1,0,0,0,1,0,1,20,0,11.1,0.6,2.02,0,12,26.08085714285714,18,0,15,0,0.33
1,51,1,9147,1,1,99.0,1,3,1,3,3,99.7,1,0,1,0,0,0,22,0,8.9,1.4,3.51,1,0,0.0,15,0,10,0,0.75
1,1,1,171,1,1,136.0,1,3,37,2,8,121.7,1,0,0,1,0,0,18,0,9.4,-0.8,-3.12,1,0,0.0,0,0,0,0,0.6
1,17,1,9853,1,1,138.0,1,38,38,7,6,124.7,1,0,0,1,0,0,18,0,9.4,-0.8,-3.12,0,8,23.166666666666668,21,0,12,0,0.355
3,39,1,9003,1,1,170.0,1,1,37,6,6,170.0,0,0,1,1,0,0,47,0,8.9,1.4,3.51,1,0,0.0,1,0,7,0,0.585
1,39,1,9085,1,1,130.0,1,37,19,9,7,130.0,1,0,0,1,0,0,28,0,12.7,3.7,-1.7,0,8,21.75,24,0,10,1,0.355
1,1,1,9670,1,1,131.0,1,37,37,9,9,123.0,1,0,0,1,0,1,18,0,7.6,2.6,0.32,0,7,25.166666666666664,12,0,10,0,0.335
1,44,1,9991,0,39,140.0,1,37,19,9,8,140.0,0,0,0,1,0,1,26,0,9.4,-0.8,-3.12,0,12,25.833333333333332,14,4,12,1,0.32
1,43,1,9238,1,1,143.0,1,1,37,5,9,126.6,0,0,1,0,0,0,21,0,9.4,-0.8,-3.12,0,12,21.5,30,5,16,0,0.395
1,1,1,8014,0,1,120.0,1,1,37,7,3,122.8,0,0,0,1,0,0,23,0,9.4,-0.8,-3.12,0,3,20.0,25,0,11,0,0.39
1,39,1,9500,1,1,120.0,1,1,3,175,121,105.9,0,0,0,1,0,0,35,0,11.1,0.6,2.02,0,6,23.150000000000002,7,0,6,0,0.355
1,39,1,9556,1,40,130.0,1,1,1,4,5,145.0,0,0,0,1,0,0,25,0,15.5,2.8,-4.06,0,14,25.4375,19,0,15,0,0.36
1,1,3,9500,1,1,125.0,1,3,1,4,4,119.4,1,0,0,1,0,0,19,0,12.4,0.5,1.79,0,13,23.933928571428574,18,0,14,0,0.38
1,16,1,171,1,1,145.0,1,3,3,3,3,155.0,1,0,0,1,0,0,24,0,12.4,0.5,1.79,0,20,26.464646464646464,34,20,30,0,0.37
1,1,3,9070,1,1,125.0,1,19,38,9,9,125.4,1,0,0,1,0,0,19,0,9.4,-0.8,-3.12,0,10,24.8,13,0,12,0,0.37
1,1,1,9773,1,1,127.0,1,37,37,9,8,123.2,1,0,0,1,0,0,18,0,9.4,-0.8,-3.12,0,1,11.0,24,0,12,0,0.415
1,17,3,9070,1,1,116.0,1,37,37,9,9,110.8,0,0,0,1,0,0,18,0,7.6,2.6,0.32,0,12,24.333333333333336,12,0,12,0,0.355
1,1,1,9500,1,1,143.0,1,19,19,5,6,142.3,0,0,0,1,0,1,18,0,12.4,0.5,1.79,0,15,27.57214285714286,15,0,15,0,0.34
1,17,1,9070,1,1,123.0,1,4,37,2,9,113.9,0,0,0,1,0,0,18,0,15.5,2.8,-4.06,0,12,24.833333333333336,14,0,12,0,0.36
1,44,1,9003,1,39,140.0,1,37,37,9,4,140.0,0,0,0,1,0,0,24,0,12.4,0.5,1.79,0,11,24.42857142857143,22,0,12,0,0.365
1,1,1,9670,1,1,119.0,1,1,19,4,10,115.5,1,0,0,1,0,0,19,0,10.8,1.4,1.74,0,8,22.0,17,0,12,0,0.375
1,17,1,9500,1,1,160.0,1,38,38,7,7,147.8,0,0,0,1,0,0,20,0,15.5,2.8,-4.06,0,12,24.84047619047619,23,0,15,0,0.355
1,5,3,9085,1,1,141.0,1,1,19,7,5,128.8,1,0,0,1,0,0,19,0,7.6,2.6,0.32,0,6,23.333333333333336,17,0,10,1,0.355
1,1,1,9853,1,1,132.0,1,2,19,4,4,125.0,1,0,0,1,0,0,18,0,9.4,-0.8,-3.12,0,10,24.0,17,0,12,0,0.385
1,1,1,9085,1,1,135.0,1,19,38,9,5,136.8,1,0,0,1,0,0,18,0,9.4,-0.8,-3.12,0,10,25.6,18,0,10,3,0.37
1,1,1,9853,1,1,123.0,1,1,38,9,6,121.6,1,0,0,1,0,0,18,0,11.1,0.6,2.02,0,11,24.666666666666664,21,0,14,0,0.37
1,1,1,9085,1,1,129.0,1,1,2,3,1,125.9,1,0,0,1,0,0,19,0,9.4,-0.8,-3.12,0,7,24.0,21,0,10,2,0.385
1,42,1,9147,1,1,130.0,1,37,38,9,1,130.0,1,0,0,1,0,0,26,0,9.4,-0.8,-3.12,0,6,25.0,12,4,10,0,0.365
1,43,1,9238,1,1,110.0,1,37,37,9,9,110.0,0,0,0,1,0,0,36,0,15.5,2.8,-4.06,0,22,23.0,43,19,29,1,0.355
1,1,2,8014,0,1,96.0,1,3,1,3,9,100.0,0,0,0,1,0,0,20,0,9.4,-0.8,-3.12,0,9,23.25,19,0,12,0,0.37
1,39,1,9003,1,1,133.1,1,37,37,3,8,130.0,0,0,1,1,0,1,30,0,11.1,0.6,2.02,1,0,0.0,12,0,12,0,0.575
1,17,4,9147,1,1,112.0,1,19,38,9,10,112.0,1,0,0,1,0,0,20,0,16.2,0.3,-0.92,0,7,21.333333333333336,19,0,10,2,0.355
1,1,4,9500,1,1,136.0,1,1,1,9,1,133.0,1,0,0,1,0,0,19,0,7.6,2.6,0.32,0,10,27.96,16,0,14,0,0.375
1,17,1,9085,1,1,134.0,1,19,37,2,7,131.2,0,0,0,1,0,0,19,0,7.6,2.6,0.32,0,6,22.2,14,0,10,0,0.36
4,39,1,9991,0,1,130.0,1,38,19,9,7,148.0,0,0,0,1,0,1,31,0,13.9,-0.3,0.79,0,8,22.083333333333336,21,0,10,0,0.32
2,51,1,8014,0,19,133.1,1,37,37,9,9,104.0,0,0,1,1,0,0,42,0,11.1,0.6,2.02,0,20,24.700000000000003,28,10,22,0,0.355
1,17,1,9853,1,1,125.0,1,3,3,3,3,116.6,1,0,0,0,0,1,18,0,8.9,1.4,3.51,0,13,25.61904761904762,15,0,14,0,0.4
1,44,1,9085,1,39,140.0,1,37,38,5,6,140.0,1,0,0,1,0,0,21,0,16.2,0.3,-0.92,0,7,26.166666666666664,31,3,12,0,0.36
1,43,1,9500,1,1,170.0,1,19,37,8,8,100.0,0,0,0,1,0,0,20,0,13.9,-0.3,0.79,0,14,27.0,16,0,15,0,0.355
1,1,1,9238,1,1,135.0,1,38,38,5,7,121.0,0,0,0,1,0,0,19,0,7.6,2.6,0.32,0,6,20.666666666666668,25,0,12,0,0.375
1,17,1,9853,1,1,134.0,1,1,19,4,5,122.5,1,0,0,1,0,0,22,0,15.5,2.8,-4.06,0,10,25.566666666666666,18,0,12,0,0.36
1,44,1,9085,1,39,140.0,1,4,38,4,5,140.0,1,0,0,1,0,0,21,0,12.4,0.5,1.79,0,5,23.75,30,0,12,0,0.36
1,39,1,9500,1,1,150.0,1,1,19,5,3,140.0,0,1,0,1,0,0,26,0,16.2,0.3,-0.92,0,10,23.34,24,0,15,0,0.37
1,17,4,9070,1,1,125.0,1,1,3,3,3,128.9,0,0,0,1,0,1,18,0,8.9,1.4,3.51,0,9,22.799999999999997,17,0,12,0,0.335
1,17,1,9254,1,1,136.0,1,37,37,7,7,121.7,1,0,0,1,0,0,20,0,10.8,1.4,1.74,0,6,20.666666666666668,25,0,12,0,0.355
1,1,1,9773,1,1,120.0,1,38,37,9,9,114.8,1,1,0,1,0,0,19,0,7.6,2.6,0.32,0,7,23.25,22,0,12,0,0.37
1,1,1,9254,1,1,128.0,1,19,38,9,9,127.0,0,0,0,1,0,0,19,0,12.4,0.5,1.79,0,10,24.75,13,0,12,0,0.37
1,17,1,9147,1,1,116.0,1,38,2,9,2,112.2,1,0,0,1,0,0,20,0,10.8,1.4,1.74,0,5,22.0,20,0,10,0,0.365
1,17,1,9254,1,1,122.0,1,19,19,5,5,118.2,0,0,0,1,0,1,20,0,12.4,0.5,1.79,0,10,21.75,16,0,12,0,0.325
1,43,1,9556,1,1,147.0,1,3,4,3,2,100.0,0,0,0,1,0,0,18,0,10.8,1.4,1.74,0,1,16.0,6,0,6,0,0.42
1,43,1,9130,1,1,127.0,1,19,38,4,5,120.7,1,0,1,1,0,0,18,0,12.7,3.7,-1.7,0,4,24.0,20,0,10,0,0.37
1,1,3,9254,1,1,122.0,1,19,38,3,10,114.3,1,0,0,1,0,1,20,0,12.4,0.5,1.79,0,10,25.6,17,0,12,0,0.34
1,1,3,9147,1,1,131.0,1,19,38,9,7,132.4,1,0,0,1,0,0,19,0,9.4,-0.8,-3.12,0,9,23.05,13,0,10,0,0.37
1,17,1,9238,1,1,148.0,1,1,1,4,9,129.8,0,0,0,1,0,0,20,0,15.5,2.8,-4.06,0,9,21.0,22,0,12,0,0.36
1,1,1,9853,1,1,133.0,1,1,38,5,10,131.3,1,0,0,1,0,0,20,0,15.5,2.8,-4.06,0,13,26.958333333333336,17,4,14,0,0.375
1,17,1,9238,1,1,128.0,1,38,19,191,175,118.6,1,0,0,1,0,1,21,0,8.9,1.4,3.51,0,10,25.0,15,0,12,0,0.32
1,44,1,9085,1,39,140.0,1,38,38,9,7,140.0,0,0,0,1,0,0,20,0,13.9,-0.3,0.79,0,8,25.666666666666664,21,3,12,0,0.355
1,1,1,9085,1,1,101.0,1,37,37,9,4,101.0,1,0,1,1,0,0,22,0,12.4,0.5,1.79,0,9,24.733333333333334,26,0,12,0,0.38
1,1,1,9853,1,1,126.0,1,3,1,2,5,116.9,1,1,0,1,0,0,18,0,13.9,-0.3,0.79,0,12,23.5,22,0,14,0,0.37
1,17,3,9085,1,1,134.0,1,37,38,9,9,120.4,1,0,0,1,0,0,20,0,9.4,-0.8,-3.12,0,8,23.933333333333334,21,0,10,2,0.355
1,1,1,9070,1,1,125.0,1,1,1,4,4,132.0,0,0,0,0,0,0,18,0,13.9,-0.3,0.79,0,9,23.03333333333333,21,1,12,1,0.435
1,39,1,9500,1,19,133.1,1,37,38,151,161,143.7,0,0,0,1,0,0,27,0,12.4,0.5,1.79,0,7,26.525,26,0,14,0,0.355
1,39,1,33,1,1,140.0,1,3,1,2,4,152.8,0,0,0,1,0,0,26,0,16.2,0.3,-0.92,0,12,28.55,21,0,14,3,0.37
1,1,2,9070,1,1,121.0,1,4,1,2,3,120.7,1,0,0,1,0,0,18,0,9.4,-0.8,-3.12,0,4,10.75,17,0,12,0,0.39
1,39,1,9119,1,19,133.1,1,19,19,5,3,100.9,1,0,0,1,1,0,24,0,10.8,1.4,1.74,0,4,22.5,15,0,10,0,0.38
1,17,1,9147,1,1,126.0,1,37,37,4,7,116.9,0,0,0,1,1,1,19,0,12.7,3.7,-1.7,0,6,23.333333333333332,22,0,10,0,0.325
1,1,1,9147,1,1,117.0,1,19,19,5,7,118.4,0,0,0,1,1,0,20,0,7.6,2.6,0.32,0,7,22.0,18,0,10,0,0.375
1,17,2,9119,1,1,127.0,1,19,1,9,10,121.1,1,0,0,1,1,1,18,0,8.9,1.4,3.51,0,10,25.799999999999997,14,0,10,0,0.315
1,1,2,9147,1,1,133.0,1,19,1,5,10,121.8,0,0,0,1,1,0,20,0,15.5,2.8,-4.06,0,7,21.2,15,0,10,0,0.37
1,39,1,9119,1,40,120.0,1,1,1,5,10,146.8,0,0,0,1,1,0,25,0,16.2,0.3,-0.92,0,7,27.7,11,3,10,0,0.36
1,1,1,9670,1,1,133.1,1,38,19,5,6,138.0,0,0,1,1,1,0,22,0,11.1,0.6,2.02,0,8,27.125,19,0,12,0,0.375
1,1,1,9500,1,1,149.0,1,37,37,9,9,138.0,0,0,0,1,1,0,18,0,9.4,-0.8,-3.12,0,12,26.993333333333336,22,0,16,2,0.37
1,17,1,9147,1,1,130.0,1,19,1,7,4,117.8,1,0,0,1,1,0,20,0,10.8,1.4,1.74,0,6,23.0,19,0,10,0,0.365
1,44,1,9254,1,39,130.0,1,39,39,194,193,130.0,1,0,1,1,1,0,23,0,8.9,1.4,3.51,0,6,22.166666666666664,24,0,12,0,0.355
1,1,1,9130,1,1,132.0,1,1,1,3,3,143.9,1,0,0,1,1,0,20,0,9.4,-0.8,-3.12,0,5,23.666666666666664,23,0,10,3,0.38
1,1,6,9147,1,1,121.0,1,3,19,4,5,116.8,0,0,0,1,1,0,20,0,13.9,-0.3,0.79,0,8,23.233333333333334,22,0,10,0,0.375
1,39,2,9991,0,1,172.0,1,19,37,9,8,150.0,1,0,0,1,0,1,28,0,9.4,-0.8,-3.12,0,10,20.799999999999997,13,0,10,0,0.32
1,17,1,9670,1,1,141.0,1,1,19,8,7,128.8,1,0,0,1,0,0,19,0,8.9,1.4,3.51,0,12,28.11904761904762,14,0,12,0,0.355
1,1,1,9500,1,1,133.0,1,3,19,2,8,126.7,0,0,0,1,0,0,19,0,16.2,0.3,-0.92,0,9,24.15,23,0,14,0,0.375
1,17,1,9670,1,1,155.0,1,1,19,4,8,134.7,1,0,0,1,0,0,20,0,12.7,3.7,-1.7,0,9,26.4,18,0,12,0,0.36
1,17,1,9003,1,1,119.0,1,37,37,4,6,113.2,0,0,1,1,0,0,20,0,11.1,0.6,2.02,0,11,27.333333333333336,16,0,12,0,0.36
1,43,3,9500,1,1,126.0,1,38,37,6,5,124.3,1,0,0,1,0,1,18,0,7.6,2.6,0.32,0,10,23.96,16,0,14,0,0.32
1,17,3,9147,1,1,118.0,1,1,19,5,7,118.0,0,0,0,1,0,0,20,0,12.4,0.5,1.79,0,9,24.2,18,0,10,0,0.36
1,44,1,9085,1,39,140.0,1,3,1,2,3,140.0,1,0,0,1,0,0,19,0,12.4,0.5,1.79,0,9,24.416666666666664,29,0,12,0,0.37
1,1,2,9853,1,1,117.0,1,1,38,4,9,109.7,1,0,0,1,0,0,19,0,9.4,-0.8,-3.12,0,9,25.2,19,0,12,0,0.375
1,39,1,9991,0,1,120.0,1,38,1,9,4,123.2,0,0,0,1,0,0,27,0,10.8,1.4,1.74,0,7,22.066666666666666,16,0,10,0,0.365
1,1,6,9147,1,1,128.0,1,37,37,9,9,116.5,0,0,0,1,0,0,18,0,7.6,2.6,0.32,0,5,22.666666666666664,24,0,10,0,0.37
1,1,1,9147,1,1,129.0,1,37,38,4,9,121.0,1,0,0,1,0,0,18,0,7.6,2.6,0.32,0,5,22.833333333333336,15,0,10,0,0.375
1,1,3,9500,1,1,143.0,1,37,38,7,7,133.8,1,0,0,1,0,0,18,0,9.4,-0.8,-3.12,0,16,28.5375,16,0,16,0,0.37
1,1,1,9147,1,1,130.0,1,19,37,9,9,131.8,1,0,0,1,0,1,19,0,7.6,2.6,0.32,0,5,23.833333333333336,19,0,10,0,0.335
1,1,1,9238,1,1,135.0,1,37,1,3,5,121.0,0,0,0,1,0,0,21,0,7.6,2.6,0.32,0,6,21.2,26,0,12,0,0.37
1,53,1,9085,1,42,140.0,1,1,1,5,5,143.3,1,0,0,0,0,0,23,0,8.9,1.4,3.51,0,15,27.166666666666664,34,11,21,0,0.395
1,1,4,9238,1,1,125.0,1,19,38,9,6,114.9,1,0,1,1,0,1,19,0,8.9,1.4,3.51,0,8,21.4,18,0,12,0,0.335
1,1,1,9238,1,1,135.0,1,37,19,5,10,121.0,0,0,1,1,0,0,18,0,7.6,2.6,0.32,0,7,20.6,24,0,12,0,0.375
1,1,1,9500,1,1,117.0,1,19,19,194,193,117.4,1,0,0,1,0,0,19,0,11.1,0.6,2.02,0,11,23.508333333333333,21,0,14,0,0.37
1,1,1,9853,1,1,133.0,1,37,19,7,7,126.7,1,0,0,1,0,0,18,0,15.5,2.8,-4.06,0,9,23.833333333333336,15,0,12,0,0.37
1,1,1,9254,1,1,140.0,1,19,19,9,3,130.0,0,0,0,1,1,0,21,0,12.7,3.7,-1.7,0,10,25.57142857142857,18,0,12,0,0.38
1,1,1,9254,1,1,154.0,1,3,1,2,1,137.2,0,0,0,1,1,0,20,0,15.5,2.8,-4.06,0,8,20.8,21,0,12,0,0.38
1,44,1,9085,1,39,130.0,1,2,2,6,6,130.0,0,0,0,0,1,0,20,0,12.4,0.5,1.79,0,8,25.2,31,3,12,0,0.395
2,42,1,9991,0,6,123.0,1,37,37,9,9,123.0,0,0,0,1,1,0,37,0,9.4,-0.8,-3.12,0,10,33.400000000000006,15,0,10,0,0.355
1,43,1,9670,1,1,142.0,1,38,1,8,10,138.5,1,0,0,1,1,0,18,0,13.9,-0.3,0.79,0,10,26.200000000000003,23,0,12,0,0.355
1,1,1,9254,1,1,115.0,1,19,1,3,7,113.6,0,0,0,1,1,0,23,0,11.1,0.6,2.02,0,12,25.0,19,0,12,0,0.37
1,43,1,9670,1,1,141.0,1,3,2,2,2,133.3,1,0,0,1,1,0,18,0,13.9,-0.3,0.79,0,9,24.95,21,0,12,0,0.37
1,43,1,9773,1,1,140.0,1,3,37,3,7,116.9,0,0,0,1,1,0,32,0,13.9,-0.3,0.79,0,13,23.61904761904762,25,11,18,0,0.36
1,1,1,171,1,1,137.0,1,1,3,3,7,146.5,1,0,1,1,1,0,19,0,8.9,1.4,3.51,0,21,23.18181818181818,28,10,23,0,0.375
1,5,1,171,1,1,137.0,1,3,19,1,10,144.7,1,0,0,1,1,0,20,0,16.2,0.3,-0.92,1,0,0.0,0,0,0,0,0.59
1,15,1,9147,1,1,133.1,21,1,3,192,3,100.0,0,0,1,1,1,0,40,1,11.1,0.6,2.02,0,2,21.0,20,0,10,0,0.39
1,1,4,9147,1,1,120.0,1,38,38,5,10,111.3,0,0,0,1,1,0,20,0,12.4,0.5,1.79,0,10,21.4,15,0,10,0,0.375
1,44,1,9130,1,39,150.0,1,1,1,4,4,150.0,1,0,0,1,0,0,20,0,10.8,1.4,1.74,0,8,24.4,13,0,10,1,0.37
1,1,3,9500,1,1,136.0,1,1,19,4,9,131.1,1,0,0,1,0,0,19,0,15.5,2.8,-4.06,0,13,26.705873015873017,21,0,15,0,0.375
1,1,1,9085,1,1,126.0,1,3,1,2,8,123.9,1,0,0,1,0,0,19,0,12.4,0.5,1.79,0,8,24.0,31,0,12,0,0.37
1,17,1,9853,1,1,119.0,1,3,3,132,132,110.6,0,0,0,1,0,0,20,0,11.1,0.6,2.02,0,12,26.166666666666668,16,0,14,0,0.355
1,1,3,9500,1,1,154.0,1,3,3,1,3,129.0,1,0,0,1,0,0,18,0,9.4,-0.8,-3.12,0,12,26.69,18,0,16,4,0.38
1,1,1,9853,1,1,127.0,1,3,1,3,7,137.2,1,0,0,1,0,0,18,0,10.8,1.4,1.74,0,10,24.916666666666664,17,0,12,0,0.37
1,53,1,9070,1,42,130.0,1,40,19,3,5,130.0,1,0,0,0,0,1,22,0,8.9,1.4,3.51,0,10,23.0,18,0,12,0,0.39
1,17,2,9147,1,1,118.0,1,19,1,9,3,113.5,1,0,1,1,0,0,20,0,11.1,0.6,2.02,0,5,21.5,18,0,10,0,0.365
1,1,1,9130,1,1,143.0,1,3,3,2,10,141.3,0,0,1,0,0,0,23,0,11.1,0.6,2.02,0,10,27.0,21,0,12,0,0.425
1,1,5,9070,1,1,123.0,1,3,1,9,3,121.3,1,0,0,1,0,0,20,0,12.4,0.5,1.79,0,12,22.666666666666664,15,0,12,0,0.375
1,51,1,9147,1,1,130.0,1,1,1,4,4,120.0,0,0,0,1,0,0,21,0,11.1,0.6,2.02,0,8,25.46666666666667,20,0,10,0,0.37
1,17,1,9070,1,1,136.0,1,1,37,4,5,130.8,0,0,0,1,0,0,20,0,10.8,1.4,1.74,0,12,24.0,14,0,12,0,0.36
1,17,2,9500,1,1,132.0,1,19,37,3,5,125.4,1,0,0,0,0,1,20,0,11.1,0.6,2.02,0,14,26.62714285714286,17,0,15,0,0.39
1,1,1,9085,1,1,140.0,6,1,19,4,7,131.6,1,0,0,1,0,0,20,1,12.4,0.5,1.79,0,12,27.91428571428571,25,1,14,0,0.375
1,43,1,9130,1,1,120.0,6,1,3,9,2,120.0,0,0,1,1,0,0,21,1,10.8,1.4,1.74,0,7,25.7,16,2,10,4,0.365
1,1,3,9119,1,1,133.0,1,3,1,3,4,121.8,1,0,0,1,1,0,18,0,8.9,1.4,3.51,0,6,23.0,19,0,10,0,0.38
1,51,1,9556,1,1,131.0,1,1,37,152,193,126.6,1,0,0,1,1,0,23,0,8.9,1.4,3.51,0,7,25.91428571428571,24,0,14,0,0.355
1,17,1,9147,1,1,116.0,1,3,1,3,4,115.7,0,0,0,0,1,0,22,0,8.9,1.4,3.51,0,8,25.5,21,0,10,0,0.405
1,1,1,9085,1,1,122.0,1,1,1,2,5,113.3,1,0,0,1,0,0,18,0,10.8,1.4,1.74,0,9,26.964285714285715,17,0,10,0,0.37
1,5,2,9853,1,1,122.0,1,19,19,4,5,112.6,1,0,0,1,0,0,22,0,12.7,3.7,-1.7,0,9,23.85,19,0,12,0,0.36
1,17,4,9119,1,1,127.0,1,19,19,5,5,120.4,1,0,1,0,1,0,18,0,9.4,-0.8,-3.12,1,0,0.0,20,0,10,0,0.685
1,1,1,9556,1,1,135.0,1,1,1,1,1,131.5,0,0,0,1,1,1,21,0,16.2,0.3,-0.92,0,11,22.78333333333333,25,0,15,0,0.335
1,1,1,9254,1,1,112.0,1,38,19,9,5,113.8,1,0,0,1,0,0,21,0,7.6,2.6,0.32,0,10,21.833333333333336,20,0,12,0,0.37
1,17,5,9238,1,1,130.0,1,19,1,5,5,130.0,1,0,0,1,0,0,20,0,9.4,-0.8,-3.12,0,7,21.25,23,0,12,0,0.36
4,39,1,9991,0,1,120.0,1,37,37,9,9,110.0,0,0,0,1,0,0,37,0,12.7,3.7,-1.7,0,5,21.333333333333336,21,0,10,0,0.355
2,39,1,8014,0,1,133.1,1,37,37,6,8,100.0,0,0,1,1,0,0,37,0,13.9,-0.3,0.79,0,13,23.541666666666664,22,5,15,0,0.355
1,39,1,9085,1,1,140.0,1,37,19,191,163,129.3,1,0,1,1,0,0,28,0,8.9,1.4,3.51,1,0,0.0,23,0,12,0,0.58
1,1,5,9147,1,1,125.0,1,37,38,7,7,122.2,1,0,0,1,0,0,18,0,7.6,2.6,0.32,0,3,23.5,18,0,10,0,0.38
1,39,1,9500,1,1,100.0,1,3,1,2,5,121.3,1,0,0,1,0,0,34,0,10.8,1.4,1.74,0,14,23.41142857142857,22,0,16,0,0.36
1,44,1,9991,0,39,150.0,1,37,37,6,6,150.0,0,0,0,1,0,0,31,0,9.4,-0.8,-3.12,0,13,25.42857142857143,16,4,13,0,0.355
1,1,1,9773,1,1,145.0,1,19,38,4,10,131.7,1,0,0,1,0,0,18,0,7.6,2.6,0.32,0,10,24.916666666666664,15,0,12,0,0.375
2,39,1,9238,1,19,133.1,1,37,37,9,9,130.0,1,0,0,1,0,0,31,0,9.4,-0.8,-3.12,1,0,0.0,21,0,11,0,0.58
1,1,2,9119,1,1,149.0,1,38,38,5,5,141.0,0,0,0,1,1,0,18,0,7.6,2.6,0.32,0,4,24.166666666666664,18,0,10,2,0.385
1,39,1,9119,1,1,150.0,1,1,38,3,5,120.0,0,0,0,1,1,0,24,0,15.5,2.8,-4.06,0,5,21.166666666666664,15,0,10,0,0.36
1,17,3,9119,1,1,120.0,1,1,19,9,3,116.9,1,0,1,0,1,0,18,0,8.9,1.4,3.51,0,6,22.333333333333336,18,0,10,0,0.405
2,39,1,9991,0,1,100.0,1,19,19,4,4,113.0,0,0,0,1,1,1,41,0,8.9,1.4,3.51,0,9,22.4,15,0,10,0,0.335
2,39,1,9991,0,1,130.0,1,38,38,9,3,145.6,0,0,0,1,1,0,34,0,13.9,-0.3,0.79,0,8,22.583333333333336,20,0,10,0,0.365
1,1,3,9500,1,1,113.0,1,3,1,134,135,107.8,1,0,0,1,0,1,20,0,12.4,0.5,1.79,0,11,28.01,18,0,14,0,0.325
1,44,1,9085,1,39,130.0,6,19,1,6,4,130.0,1,0,0,1,0,0,22,1,12.4,0.5,1.79,0,7,24.3,31,0,12,0,0.365
1,1,1,9853,1,1,120.0,1,19,37,5,7,115.1,0,0,0,1,0,1,18,0,15.5,2.8,-4.06,0,8,22.75,19,0,12,0,0.34
1,1,3,9070,1,1,125.0,1,1,38,9,7,118.0,0,0,0,1,0,1,18,0,11.1,0.6,2.02,0,12,28.333333333333336,13,0,12,0,0.335
1,1,1,9853,1,1,124.0,1,3,1,2,5,121.6,0,0,0,1,0,0,18,0,15.5,2.8,-4.06,0,10,22.933333333333334,19,0,12,0,0.37
1,1,1,9853,1,1,163.0,1,19,1,5,10,146.6,1,0,1,1,0,0,18,0,9.4,-0.8,-3.12,0,9,25.35,19,0,12,0,0.37
1,1,1,9853,1,1,145.0,1,38,37,5,5,142.2,0,0,0,1,0,0,19,0,9.4,-0.8,-3.12,0,9,25.0,18,0,12,0,0.375
1,51,1,9070,1,1,117.0,1,5,1,2,10,120.0,1,0,0,1,0,0,21,0,8.9,1.4,3.51,0,9,24.799999999999997,14,0,12,0,0.36
1,17,2,9853,1,1,114.0,1,1,1,4,0,108.8,1,0,0,1,0,0,18,0,13.9,-0.3,0.79,0,11,24.733333333333334,20,0,14,0,0.37
1,43,1,171,1,1,133.0,1,19,19,5,7,133.0,0,0,0,1,0,0,18,0,15.5,2.8,-4.06,1,0,0.0,0,0,0,0,0.58
1,1,2,9853,1,1,121.0,1,38,38,7,5,120.0,1,0,0,1,0,0,18,0,10.8,1.4,1.74,0,7,22.25,18,0,12,0,0.37
1,43,1,9147,1,1,123.0,1,3,19,9,9,113.2,0,0,0,1,0,0,21,0,7.6,2.6,0.32,0,13,21.738095238095237,34,7,20,2,0.355
1,1,2,9500,1,1,113.0,1,38,19,9,7,106.7,1,0,0,1,0,1,20,0,11.1,0.6,2.02,0,11,25.119999999999997,18,0,14,0,0.335
1,39,1,9991,0,1,120.0,1,38,38,3,3,140.0,0,0,0,1,0,0,25,0,15.5,2.8,-4.06,0,6,22.0,22,0,10,0,0.37
1,39,2,9556,1,1,130.0,1,37,37,9,9,159.0,1,0,0,1,0,0,25,0,12.4,0.5,1.79,0,12,23.557142857142857,32,0,15,0,0.355
1,39,1,9238,1,1,170.0,1,38,19,9,9,140.0,1,0,0,1,0,0,24,0,9.4,-0.8,-3.12,0,9,32.15,19,0,12,0,0.355
1,1,1,9147,1,1,138.0,1,37,37,194,171,131.0,1,0,0,1,0,0,19,0,12.4,0.5,1.79,0,7,21.666666666666664,17,0,10,0,0.37
1,17,6,9147,1,1,121.0,1,19,38,7,9,123.8,0,0,0,1,0,1,19,0,12.7,3.7,-1.7,0,8,23.4,13,0,10,0,0.32
1,16,2,9147,1,1,132.0,1,37,37,9,9,122.6,1,0,0,1,0,1,20,0,10.8,1.4,1.74,0,7,24.625,17,0,10,0,0.32
1,1,1,171,1,1,131.0,1,19,38,4,5,132.8,1,0,0,1,0,0,18,0,7.6,2.6,0.32,1,0,0.0,0,0,0,0,0.59
1,18,2,9853,1,1,120.0,1,1,1,9,0,115.8,0,0,0,1,0,0,18,0,13.9,-0.3,0.79,0,12,24.166666666666664,23,0,14,0,0.365
1,17,3,9147,1,1,112.0,1,1,19,3,5,107.8,1,0,0,1,0,0,19,0,10.8,1.4,1.74,0,6,24.761904761904763,18,0,10,0,0.36
1,1,1,9500,1,1,138.0,1,38,1,9,4,127.5,1,0,0,1,0,0,19,0,16.2,0.3,-0.92,0,10,26.7,17,0,14,0,0.375
1,1,1,9147,1,1,118.0,1,1,2,10,10,117.3,1,0,0,1,0,0,19,0,8.9,1.4,3.51,0,8,24.25,19,0,10,0,0.37
4,7,1,9500,1,40,130.0,1,37,37,3,3,130.0,1,0,0,1,0,0,32,0,12.4,0.5,1.79,0,11,26.2625,24,0,14,0,0.37
1,39,1,9991,0,1,130.0,1,1,1,4,10,115.2,0,0,0,1,1,0,24,0,12.4,0.5,1.79,0,9,24.666666666666664,11,0,10,0,0.36
1,1,2,9500,1,1,133.1,1,19,38,192,192,96.0,1,0,0,1,0,0,19,0,11.1,0.6,2.02,0,12,25.531666666666666,21,0,15,0,0.37
2,7,1,9500,1,3,120.0,1,37,19,9,7,120.0,1,0,0,1,0,0,45,0,13.9,-0.3,0.79,0,21,25.66818181818182,23,13,21,0,0.355
1,17,1,9853,1,1,125.0,1,19,19,4,7,128.5,1,0,0,1,0,0,18,0,13.9,-0.3,0.79,0,13,24.214285714285715,17,0,14,0,0.36
2,39,1,9003,1,19,133.1,1,19,37,9,10,120.0,0,0,1,1,0,0,37,0,16.2,0.3,-0.92,0,12,25.775,22,0,12,0,0.355
1,17,1,9238,1,1,123.0,1,1,1,9,9,113.2,0,0,0,1,0,1,20,0,15.5,2.8,-4.06,0,9,22.25,24,0,12,0,0.315
1,1,4,9500,1,1,126.0,1,19,19,7,9,121.3,1,0,0,1,0,1,18,0,12.4,0.5,1.79,0,13,25.76190476190476,16,0,14,0,0.335
1,53,1,9085,1,42,140.0,1,1,1,4,3,140.0,1,0,1,1,0,0,21,0,8.9,1.4,3.51,0,13,25.45,24,11,18,0,0.37
1,39,1,9119,1,19,133.1,1,1,19,4,5,100.0,0,0,0,1,1,0,25,0,13.9,-0.3,0.79,0,2,21.0,24,0,10,0,0.385
1,53,1,9670,1,42,140.0,1,19,37,3,6,140.0,1,0,1,1,0,0,21,0,8.9,1.4,3.51,0,2,23.0,23,0,12,0,0.385
1,43,1,9085,1,1,170.0,1,19,19,5,1,170.0,1,0,0,1,0,0,19,0,12.7,3.7,-1.7,0,4,14.75,12,0,10,6,0.38
1,53,1,9991,0,1,140.0,1,38,38,191,193,135.0,0,0,1,1,0,0,23,0,8.9,1.4,3.51,0,13,24.975,33,9,20,0,0.355
1,17,1,9773,1,1,121.0,1,37,19,9,10,113.7,0,0,0,1,0,0,18,0,15.5,2.8,-4.06,0,11,25.02857142857143,18,0,12,0,0.355
1,39,1,8014,0,1,133.1,1,1,12,4,5,116.5,0,0,0,1,1,1,24,0,12.4,0.5,1.79,0,8,23.75,16,0,12,0,0.325
1,1,2,9070,1,1,129.0,1,1,1,4,9,132.9,1,0,0,1,1,1,20,0,7.6,2.6,0.32,0,11,25.175,15,0,12,0,0.33
1,17,2,9119,1,1,120.0,1,1,19,9,8,117.2,0,0,0,1,1,1,18,0,11.1,0.6,2.02,0,10,27.125,18,0,11,0,0.32
1,18,1,9254,1,1,118.0,1,38,38,5,5,123.3,1,0,0,1,1,0,26,0,9.4,-0.8,-3.12,0,7,22.0,21,0,12,0,0.36
1,1,1,9670,1,1,127.0,1,19,1,5,7,118.3,1,0,0,1,0,0,18,0,13.9,-0.3,0.79,0,9,24.333333333333336,17,0,12,0,0.37
1,17,2,9085,1,1,123.0,1,1,19,4,9,113.6,1,0,0,1,0,0,19,0,9.4,-0.8,-3.12,0,7,23.75,21,0,10,2,0.36
1,1,2,9853,1,1,123.0,1,19,1,194,103,115.3,1,0,0,1,0,0,20,0,11.1,0.6,2.02,0,12,27.5,16,0,14,0,0.365
1,17,3,9147,1,1,125.0,1,3,38,2,10,118.7,1,0,0,1,0,0,18,0,13.9,-0.3,0.79,0,6,22.666666666666664,27,0,10,0,0.36
1,1,1,9085,1,1,101.0,1,1,37,4,9,98.9,1,0,0,1,0,0,21,0,11.1,0.6,2.02,0,6,25.166666666666664,25,0,12,0,0.375
1,1,1,9085,1,1,120.0,1,4,1,2,9,113.4,0,0,0,1,0,0,18,0,11.1,0.6,2.02,0,7,25.25,31,0,12,0,0.37
1,1,1,9238,1,1,107.0,1,19,37,7,7,103.5,1,0,0,1,0,0,20,0,16.2,0.3,-0.92,0,7,23.2,22,0,12,0,0.37
1,17,2,9853,1,1,126.0,1,1,19,2,10,126.0,1,0,0,1,0,0,19,0,7.6,2.6,0.32,0,10,23.4,17,0,12,0,0.36
1,39,1,9500,1,1,133.1,1,1,38,3,7,121.7,0,0,0,1,0,1,27,0,12.4,0.5,1.79,0,12,24.285714285714285,17,0,14,0,0.325
1,17,1,9147,1,1,147.0,1,37,37,9,6,142.8,1,0,1,0,0,1,19,0,11.1,0.6,2.02,0,9,24.8,10,0,10,0,0.4
1,1,3,9500,1,1,128.0,1,1,1,7,7,120.5,1,0,0,1,0,1,19,0,12.4,0.5,1.79,0,12,25.54,17,0,14,0,0.325
1,53,1,9085,1,42,140.0,1,19,38,8,9,144.9,1,0,1,0,0,0,23,0,8.9,1.4,3.51,0,19,26.5,33,11,20,0,0.4
1,1,1,9238,1,1,108.0,1,1,38,5,8,105.9,0,0,0,1,0,1,20,0,11.1,0.6,2.02,0,10,21.766666666666666,20,0,12,0,0.34
1,1,1,9085,1,1,132.0,1,1,12,4,5,124.3,0,0,0,1,0,0,20,0,13.9,-0.3,0.79,0,11,26.095238095238095,21,0,12,0,0.375
1,17,1,9147,1,1,136.0,1,1,1,9,3,122.7,1,0,0,1,1,0,18,0,15.5,2.8,-4.06,0,9,24.5,13,0,10,0,0.365
1,1,2,9085,1,1,118.0,1,1,19,3,3,112.4,1,0,0,1,1,0,21,0,10.8,1.4,1.74,0,7,22.1,22,0,10,4,0.385
1,1,1,9130,1,1,133.1,1,1,1,3,9,138.0,1,0,0,1,0,0,20,0,16.2,0.3,-0.92,0,12,26.333333333333336,21,0,12,0,0.37
1,1,2,171,1,1,140.0,1,1,3,3,3,138.3,1,0,0,1,0,0,18,0,12.4,0.5,1.79,1,0,0.0,0,0,0,0,0.66
1,1,2,9773,1,1,132.0,1,38,1,9,9,124.3,1,0,0,1,0,0,19,0,10.8,1.4,1.74,0,10,23.0,13,0,12,0,0.365
1,1,2,9773,1,1,122.0,1,37,37,9,9,126.9,1,0,0,1,0,1,19,0,9.4,-0.8,-3.12,0,7,22.666666666666664,22,0,12,0,0.335
1,1,3,9147,1,1,127.0,1,1,38,5,7,123.5,1,0,0,1,0,1,19,0,9.4,-0.8,-3.12,0,8,24.266666666666666,16,0,10,0,0.34
1,1,2,9130,1,1,140.0,1,19,37,9,9,129.5,1,0,0,1,0,0,18,0,12.7,3.7,-1.7,0,9,26.9,15,0,10,1,0.37
1,1,1,9254,1,1,143.0,1,2,37,1,1,133.2,1,0,0,1,0,0,19,0,10.8,1.4,1.74,0,7,26.9,25,0,12,0,0.38
3,17,1,9238,1,1,138.0,1,37,37,9,9,133.5,1,0,0,1,0,1,21,0,12.7,3.7,-1.7,0,7,22.45,21,0,12,0,0.32
1,1,3,9254,1,1,129.0,1,37,38,7,7,122.0,1,0,0,1,0,1,18,0,7.6,2.6,0.32,0,11,21.833333333333336,17,0,12,0,0.335
1,1,2,9500,1,1,130.0,1,1,38,9,9,125.1,1,0,0,1,0,1,18,0,11.1,0.6,2.02,0,12,25.69166666666667,20,0,15,0,0.335
1,15,1,9119,1,1,160.0,32,1,3,143,152,160.0,0,0,1,1,0,0,19,1,8.9,1.4,3.51,0,4,24.5,22,0,11,1,0.365
1,1,1,9119,1,1,121.0,1,3,1,2,3,114.0,0,0,0,1,1,0,20,0,7.6,2.6,0.32,0,8,23.85,16,0,10,2,0.38
1,1,1,9147,1,1,123.0,1,1,19,4,5,117.8,0,0,0,1,1,0,20,0,8.9,1.4,3.51,0,9,25.0,18,0,10,0,0.375
1,1,6,9500,1,1,122.0,1,1,1,3,7,114.3,1,0,0,1,1,0,18,0,11.1,0.6,2.02,0,12,26.018333333333334,20,0,15,1,0.37
1,1,1,9670,1,1,136.0,1,2,38,143,163,129.7,1,0,0,1,1,0,19,0,16.2,0.3,-0.92,0,5,22.5,22,0,12,3,0.37
1,1,3,9670,1,1,121.0,1,3,19,2,8,122.4,1,0,0,1,1,0,19,0,9.4,-0.8,-3.12,0,7,23.666666666666664,12,0,10,0,0.375
1,17,2,9254,1,1,135.0,1,19,19,4,3,135.0,1,0,0,1,1,0,20,0,7.6,2.6,0.32,0,11,22.233333333333334,17,0,12,0,0.37
2,17,5,9119,1,1,126.0,1,37,38,4,4,122.9,1,0,0,1,1,0,21,0,7.6,2.6,0.32,0,8,27.45,17,0,10,2,0.37
1,17,1,9147,1,1,120.0,1,3,38,3,7,124.2,1,0,0,1,1,0,18,0,13.9,-0.3,0.79,0,9,23.4,22,0,10,0,0.36
1,44,1,9003,1,39,130.0,1,3,3,7,1,130.0,1,0,0,1,1,0,20,0,15.5,2.8,-4.06,0,9,23.1,23,0,12,0,0.365
1,17,1,9119,1,1,131.0,1,1,3,9,10,123.7,1,0,0,1,1,0,20,0,10.8,1.4,1.74,0,6,24.5,15,0,10,0,0.355
1,17,1,9670,1,1,133.1,1,1,37,4,9,96.0,1,0,0,1,0,1,25,0,15.5,2.8,-4.06,0,11,23.485714285714288,18,0,12,0,0.325
4,39,1,9003,1,1,140.0,1,37,37,9,8,150.0,0,0,0,1,1,0,28,0,11.1,0.6,2.02,0,11,24.333333333333336,22,0,12,0,0.355
2,39,1,9500,1,1,130.0,1,37,37,191,183,163.7,0,0,0,1,0,0,35,0,12.4,0.5,1.79,0,10,24.18,20,0,14,0,0.355
1,39,1,9500,1,40,130.0,1,37,37,9,7,130.0,0,0,0,1,0,0,27,0,12.7,3.7,-1.7,0,14,24.91428571428571,24,6,16,0,0.355
1,39,1,9991,0,1,160.0,41,37,19,9,9,160.0,0,0,0,1,0,1,31,1,15.5,2.8,-4.06,0,8,21.0,23,0,10,0,0.32
2,39,1,9991,0,1,133.1,1,37,19,9,10,150.0,0,0,0,1,1,0,47,0,9.4,-0.8,-3.12,0,8,22.5,16,0,10,0,0.355
1,1,1,171,1,1,133.0,1,37,19,9,8,141.4,0,0,0,1,1,1,20,0,13.9,-0.3,0.79,1,0,0.0,0,0,0,0,0.535
1,1,1,171,1,1,134.0,1,3,2,2,2,141.7,1,0,0,1,1,0,18,0,7.6,2.6,0.32,1,0,0.0,0,0,0,0,0.665
4,39,1,9003,1,1,133.1,1,19,19,9,4,100.7,0,0,0,1,0,0,39,0,15.5,2.8,-4.06,0,5,26.0,28,0,12,3,0.365
1,7,1,9119,1,4,180.0,1,4,3,2,7,180.0,0,0,1,1,1,0,30,0,13.9,-0.3,0.79,0,7,30.7,16,0,10,0,0.36
2,44,1,9991,0,39,140.0,1,37,37,9,9,140.0,0,0,0,1,0,0,41,0,9.4,-0.8,-3.12,0,10,24.75,19,5,13,0,0.355
1,18,1,9773,1,1,125.0,1,19,37,9,5,122.2,0,0,0,0,0,0,18,0,11.1,0.6,2.02,0,10,24.4,13,0,12,0,0.395
1,17,1,9147,1,1,139.0,1,1,38,6,6,143.6,1,0,1,1,1,0,18,0,7.6,2.6,0.32,1,0,0.0,14,0,10,0,0.58
1,15,1,33,1,1,133.1,41,2,3,2,4,100.0,0,0,0,1,1,0,20,1,8.9,1.4,3.51,0,11,25.607142857142858,17,0,14,0,0.37
1,17,1,9130,1,1,137.0,1,38,19,5,7,130.0,1,0,0,1,0,0,21,0,12.4,0.5,1.79,0,9,27.85,22,0,12,0,0.36
1,44,1,9130,1,39,140.0,1,19,19,5,5,140.0,1,0,1,0,0,0,20,0,12.4,0.5,1.79,0,5,23.0,22,1,12,0,0.39
1,17,4,9085,1,1,106.0,1,37,1,3,9,106.0,0,0,0,1,0,0,20,0,13.9,-0.3,0.79,0,10,27.166666666666664,17,0,12,0,0.36
1,15,1,9556,1,1,137.0,26,19,1,9,4,137.0,0,0,1,1,0,0,19,1,8.9,1.4,3.51,0,2,11.666666666666666,22,0,14,4,0.39
2,1,1,8014,0,1,121.0,1,37,37,9,9,114.4,1,0,0,1,0,0,45,0,7.6,2.6,0.32,0,19,27.857142857142858,26,10,19,0,0.37
1,39,1,9991,0,1,100.0,1,19,37,5,5,120.7,0,0,0,1,0,0,28,0,7.6,2.6,0.32,0,8,24.25,16,0,10,0,0.36
1,16,1,171,1,1,158.0,1,38,37,9,9,164.3,1,0,0,1,1,1,18,0,10.8,1.4,1.74,1,0,0.0,0,0,0,0,0.535
1,16,2,9070,1,1,133.0,1,1,3,4,2,122.5,1,0,0,1,0,0,18,0,7.6,2.6,0.32,0,5,22.0,22,0,12,5,0.37
1,1,1,9147,1,1,132.0,1,38,37,7,7,131.3,1,0,0,1,0,0,18,0,9.4,-0.8,-3.12,0,8,24.25,16,0,10,0,0.37
1,17,2,9119,1,1,133.1,1,1,2,3,3,117.0,1,0,0,1,1,0,21,0,12.4,0.5,1.79,0,8,21.96666666666667,20,0,10,0,0.37
1,1,4,9147,1,1,120.0,1,19,38,5,5,122.8,1,0,0,1,1,0,18,0,10.8,1.4,1.74,0,6,21.833333333333336,18,0,10,0,0.375
1,17,1,9147,1,1,118.0,1,1,38,9,9,118.4,1,0,0,1,1,0,19,0,12.4,0.5,1.79,0,6,22.25,15,0,10,0,0.355
1,1,1,9670,1,1,127.0,1,1,37,4,9,128.1,0,0,0,1,1,0,19,0,7.6,2.6,0.32,0,8,23.5,14,0,10,0,0.375
1,1,2,9500,1,1,133.1,1,37,37,9,9,99.0,1,0,0,1,1,0,22,0,16.2,0.3,-0.92,0,12,25.333333333333336,21,0,15,0,0.37
1,17,6,9670,1,1,110.0,1,1,19,4,10,111.3,0,0,0,1,1,0,21,0,15.5,2.8,-4.06,0,10,26.535714285714285,21,0,12,0,0.36
1,1,2,9254,1,1,125.0,1,1,19,4,1,121.5,1,0,0,1,1,0,18,0,9.4,-0.8,-3.12,0,8,21.333333333333336,23,0,12,0,0.385
1,53,1,9003,1,42,130.0,1,38,38,9,9,130.0,1,0,1,1,1,0,20,0,8.9,1.4,3.51,0,19,24.170454545454543,28,12,22,0,0.355
1,17,1,9773,1,1,128.0,1,38,19,9,10,125.2,1,0,0,1,1,0,18,0,12.4,0.5,1.79,0,11,26.266666666666666,13,0,12,0,0.355
1,16,5,9085,1,1,134.0,1,19,37,8,8,123.9,1,0,0,1,1,0,18,0,9.4,-0.8,-3.12,0,10,25.4,18,0,10,2,0.355
1,43,1,8014,0,1,130.0,1,38,3,132,122,100.0,0,0,0,1,1,0,54,0,12.7,3.7,-1.7,0,24,26.125874125874127,26,16,24,0,0.355
1,1,1,9500,1,1,141.0,1,3,1,9,9,124.3,0,0,0,1,0,0,19,0,12.7,3.7,-1.7,0,14,29.02857142857143,16,0,16,0,0.365
1,7,1,9991,0,40,120.0,1,43,3,3,3,120.0,0,0,0,1,0,0,27,0,11.1,0.6,2.02,0,10,29.2,11,0,10,0,0.37
1,1,2,9085,1,1,130.0,1,37,19,9,8,129.0,0,0,0,1,0,0,20,0,7.6,2.6,0.32,0,6,22.25,16,0,10,0,0.37
1,1,1,171,1,1,136.0,1,3,3,1,2,152.5,1,0,0,1,0,0,20,0,13.9,-0.3,0.79,1,0,0.0,0,0,0,0,0.65
1,1,1,9773,1,1,150.0,1,1,1,4,4,138.1,1,0,0,1,0,0,19,0,11.1,0.6,2.02,0,11,29.0,14,0,12,0,0.38
1,39,1,9991,0,1,133.1,1,1,1,4,2,127.7,0,0,0,1,0,0,25,0,13.9,-0.3,0.79,0,8,23.5,22,0,10,0,0.37
1,1,1,9119,1,1,128.0,1,38,38,9,7,124.5,1,0,0,1,1,0,19,0,7.6,2.6,0.32,0,5,24.666666666666664,19,0,10,2,0.37
1,1,1,9773,1,1,117.0,1,1,19,4,4,109.3,0,0,0,1,1,0,19,0,7.6,2.6,0.32,0,7,24.916666666666664,21,0,12,0,0.385
1,1,1,171,1,1,124.0,1,19,1,9,9,121.2,1,0,0,1,1,0,20,0,10.8,1.4,1.74,1,0,0.0,0,0,0,0,0.56
1,1,1,9147,1,1,131.0,1,3,19,3,10,123.3,0,0,0,1,1,0,19,0,16.2,0.3,-0.92,0,9,24.200000000000003,15,0,10,2,0.375
1,1,1,9119,1,1,131.0,1,3,1,4,1,135.9,0,0,0,1,1,0,18,0,7.6,2.6,0.32,0,5,25.0,17,0,10,1,0.38
1,1,4,9147,1,1,117.0,1,1,38,8,9,117.0,1,0,0,1,1,0,19,0,12.4,0.5,1.79,0,8,23.0,11,0,10,0,0.37
1,44,1,9991,0,39,130.0,1,37,37,9,9,130.0,0,0,0,1,0,0,31,0,9.4,-0.8,-3.12,0,11,24.25,21,5,13,0,0.355
1,44,1,9085,1,39,140.0,1,1,3,9,4,140.0,0,0,1,0,0,0,24,0,12.4,0.5,1.79,0,6,24.0,29,3,12,0,0.405
2,39,1,9500,1,1,100.0,1,37,38,4,4,130.0,0,0,0,1,1,1,33,0,12.7,3.7,-1.7,0,2,20.0,32,0,16,2,0.355
1,44,1,9130,1,39,130.0,1,38,37,4,9,130.0,1,0,0,1,0,1,20,0,16.2,0.3,-0.92,0,8,22.75,20,0,12,0,0.325
2,39,1,8014,0,1,140.0,1,37,3,9,10,172.0,0,0,0,1,1,0,44,0,12.4,0.5,1.79,0,18,23.333333333333336,37,13,22,0,0.355
1,1,5,9500,1,1,130.0,1,1,3,9,10,118.1,1,0,0,1,1,0,18,0,13.9,-0.3,0.79,0,13,25.785714285714285,19,0,15,0,0.37
1,17,4,9254,1,1,122.0,1,1,1,4,2,116.1,1,0,0,1,1,0,19,0,7.6,2.6,0.32,0,7,24.2,19,0,12,0,0.37
1,44,1,9003,1,1,120.0,1,3,2,2,6,120.0,1,0,0,1,1,0,21,0,12.7,3.7,-1.7,0,11,23.535714285714285,29,6,17,2,0.36
1,17,2,9070,1,1,152.0,1,39,39,3,3,134.2,1,0,0,1,1,0,20,0,15.5,2.8,-4.06,0,9,23.8,16,0,12,0,0.37
1,44,1,9119,1,39,150.0,1,19,3,5,2,150.0,0,0,0,1,1,0,20,0,12.7,3.7,-1.7,0,2,10.5,28,0,10,0,0.395
1,1,1,9119,1,1,150.0,1,1,1,3,3,143.4,0,0,0,0,1,1,18,0,8.9,1.4,3.51,0,10,28.4,10,0,10,0,0.425
1,17,1,171,1,1,145.0,1,4,4,3,3,143.6,0,0,1,1,1,0,19,0,8.9,1.4,3.51,0,20,24.97272727272727,28,9,23,0,0.37
1,44,1,9254,1,39,170.0,1,19,2,9,3,170.0,0,0,0,0,1,0,26,0,11.1,0.6,2.02,0,14,28.791666666666664,26,3,14,0,0.405
1,51,1,9147,1,1,116.0,1,3,3,2,2,115.2,0,0,1,1,1,0,32,0,8.9,1.4,3.51,0,6,22.333333333333336,26,5,15,0,0.37
1,16,3,9853,1,1,134.0,1,37,19,9,5,121.4,1,0,0,1,0,1,23,0,7.6,2.6,0.32,0,9,26.25,18,0,12,1,0.32
1,39,1,9147,1,1,133.1,41,38,38,9,8,134.8,0,0,0,1,0,0,24,1,16.2,0.3,-0.92,0,6,20.5,21,0,10,2,0.355
1,42,1,9003,1,1,140.0,1,19,19,4,4,140.0,1,0,0,1,1,0,25,0,15.5,2.8,-4.06,0,9,23.666666666666664,25,0,12,0,0.37
1,17,6,9254,1,1,108.0,1,1,19,4,5,112.2,1,0,0,1,1,0,19,0,9.4,-0.8,-3.12,0,8,20.8,25,0,12,0,0.36
1,1,1,9670,1,1,133.1,1,1,37,9,10,139.0,0,0,0,1,1,0,21,0,10.8,1.4,1.74,0,10,25.05,15,0,12,0,0.37
1,17,3,9147,1,1,122.0,1,3,38,123,171,116.1,1,0,1,1,1,0,19,0,8.9,1.4,3.51,0,6,23.0,23,0,10,0,0.355
1,43,1,9147,1,1,123.0,1,37,38,7,7,110.0,0,0,0,1,1,0,25,0,9.4,-0.8,-3.12,0,7,22.5,24,0,10,1,0.355
1,43,1,9500,1,1,136.0,1,19,37,173,183,118.4,1,0,0,1,0,0,21,0,13.9,-0.3,0.79,0,10,25.458333333333336,20,0,14,0,0.355
1,1,3,9119,1,1,117.0,1,1,1,3,5,111.1,0,0,0,1,1,1,19,0,11.1,0.6,2.02,0,8,23.3,22,0,10,0,0.33
1,1,5,9119,1,1,131.0,1,1,19,4,7,126.8,0,0,0,0,1,1,18,0,8.9,1.4,3.51,0,9,24.2,14,0,10,0,0.42
1,39,1,9003,1,19,133.1,1,19,37,1,1,140.0,0,0,1,1,1,0,24,0,16.2,0.3,-0.92,0,12,28.61616161616162,21,0,12,0,0.365
1,43,1,9085,1,1,130.0,1,19,38,4,9,130.0,1,0,0,0,0,0,19,0,13.9,-0.3,0.79,0,8,24.666666666666664,24,0,12,0,0.395
1,1,3,9500,1,1,122.0,1,3,1,4,3,114.8,1,0,0,1,0,1,19,0,12.4,0.5,1.79,0,9,23.75,20,0,14,0,0.34
1,17,1,9147,1,1,162.0,1,1,38,4,5,138.6,1,0,0,1,0,0,19,0,12.7,3.7,-1.7,0,1,11.0,23,0,10,0,0.41
1,17,1,9085,1,1,125.0,1,1,38,4,9,118.4,1,0,0,1,0,0,21,0,9.4,-0.8,-3.12,0,5,21.833333333333336,25,0,10,3,0.36
1,1,1,9147,1,1,128.0,1,38,37,5,6,122.1,0,0,0,1,0,1,18,0,13.9,-0.3,0.79,0,9,23.57142857142857,20,0,10,0,0.34
2,39,1,9500,1,1,133.1,1,37,37,9,9,109.0,1,0,0,1,0,0,39,0,7.6,2.6,0.32,0,10,24.32,16,0,14,0,0.355
1,1,2,9147,1,1,128.0,1,3,1,3,3,121.0,1,1,1,1,1,0,20,0,16.2,0.3,-0.92,0,10,24.6,16,0,10,3,0.38
1,43,3,9254,1,1,135.0,1,3,3,2,2,122.1,0,0,0,1,1,0,19,0,12.7,3.7,-1.7,0,7,23.5,23,0,12,0,0.37
2,42,1,9991,0,1,130.0,1,3,2,2,2,130.0,0,0,0,1,1,0,27,0,12.7,3.7,-1.7,0,4,25.0,8,2,7,0,0.38
1,39,1,9119,1,1,110.0,1,1,1,4,4,125.9,0,0,0,1,1,0,34,0,10.8,1.4,1.74,0,1,11.0,15,0,10,0,0.42
2,44,1,9119,1,39,160.0,1,37,37,9,9,160.0,0,0,1,1,1,0,41,0,12.4,0.5,1.79,0,11,28.96969696969697,31,4,13,0,0.355
2,39,1,9500,1,1,133.1,1,37,37,191,172,115.2,0,0,0,1,0,0,48,0,11.1,0.6,2.02,0,7,23.475,25,0,14,0,0.355
1,1,1,171,1,1,147.0,1,2,3,4,8,145.3,1,0,0,1,0,0,18,0,12.4,0.5,1.79,1,0,0.0,0,0,0,0,0.59
1,1,1,9070,1,1,124.0,1,19,19,7,9,132.1,1,0,0,1,0,0,19,0,7.6,2.6,0.32,0,5,21.5,16,0,12,0,0.37
1,1,1,9085,1,1,105.0,1,19,37,8,8,102.6,0,1,0,1,0,0,21,0,11.1,0.6,2.02,0,6,23.5,30,0,12,0,0.37
1,17,1,9853,1,1,112.0,1,2,19,3,9,106.1,1,0,0,1,0,0,19,0,15.5,2.8,-4.06,0,10,23.333333333333336,16,0,12,0,0.36
1,43,1,9670,1,1,151.0,1,19,19,1,1,100.0,0,0,1,1,0,0,20,0,13.9,-0.3,0.79,0,10,26.799999999999997,20,0,12,0,0.365
1,44,1,9085,1,39,140.0,1,1,1,3,7,140.0,1,0,0,1,0,0,20,0,13.9,-0.3,0.79,0,7,27.7,23,2,12,0,0.36
1,1,1,9853,1,1,142.0,1,19,1,9,1,132.6,0,0,0,1,0,0,18,0,9.4,-0.8,-3.12,0,8,22.8,22,0,12,0,0.375
1,1,1,9070,1,1,123.0,1,38,38,9,5,124.8,0,0,0,0,0,1,18,0,8.9,1.4,3.51,0,10,24.8,14,0,12,0,0.42
1,1,4,9500,1,1,140.0,1,3,19,2,3,133.8,1,0,0,1,0,0,17,0,10.8,1.4,1.74,0,10,24.92,28,0,16,0,0.385
1,1,4,9238,1,1,125.0,1,19,1,4,5,122.6,1,1,0,1,0,0,18,0,13.9,-0.3,0.79,0,7,23.333333333333336,17,0,12,0,0.37
1,53,1,9085,1,42,130.0,1,19,1,9,9,130.0,1,0,1,0,0,0,24,0,8.9,1.4,3.51,0,14,26.125,22,11,18,0,0.405
1,18,1,9500,1,1,128.0,1,19,1,9,4,125.8,0,0,0,1,0,1,20,0,9.4,-0.8,-3.12,1,0,0.0,16,0,16,16,0.575
1,1,3,9085,1,1,135.0,1,3,2,4,3,121.0,1,0,0,1,0,0,18,0,9.4,-0.8,-3.12,0,8,23.933333333333334,22,0,10,2,0.385
1,17,1,9853,1,1,146.0,1,1,1,3,4,128.2,0,0,1,1,0,0,18,0,12.7,3.7,-1.7,0,7,23.916666666666664,18,0,12,0,0.37
1,51,1,9238,1,1,122.0,1,19,3,5,2,112.6,0,0,1,1,0,0,20,0,11.1,0.6,2.02,0,11,23.625,28,9,21,0,0.37
1,1,4,9500,1,1,118.0,1,19,19,3,3,110.0,1,0,0,1,0,0,19,0,11.1,0.6,2.02,0,11,25.471428571428568,19,0,14,0,0.385
1,44,1,9085,1,1,140.0,1,1,2,3,3,140.0,0,0,0,1,0,0,20,0,13.9,-0.3,0.79,0,9,27.285714285714285,16,0,12,0,0.37
2,39,1,9991,0,1,140.0,1,37,37,9,10,130.0,0,0,0,1,0,0,34,0,9.4,-0.8,-3.12,1,0,0.0,10,0,10,0,0.58
1,1,5,9670,1,1,120.0,1,4,1,4,10,112.0,1,0,0,1,0,0,18,0,8.9,1.4,3.51,0,9,23.45,21,0,12,0,0.37
1,39,1,8014,0,1,120.0,100,1,1,4,7,119.5,0,0,1,1,0,0,25,1,8.9,1.4,3.51,0,10,23.083333333333336,12,2,12,0,0.36
1,1,1,9254,1,1,100.0,1,19,19,5,5,101.8,1,0,0,1,0,0,21,0,12.4,0.5,1.79,0,10,24.6,14,0,12,0,0.375
2,39,1,9991,0,1,120.0,1,37,37,9,10,170.0,0,0,0,1,0,0,34,0,9.4,-0.8,-3.12,0,6,23.25,21,0,10,0,0.355
1,1,2,171,1,1,127.0,1,3,39,1,3,133.5,1,0,0,1,1,0,17,0,15.5,2.8,-4.06,1,0,0.0,0,0,0,0,0.65
1,42,1,9500,1,1,100.0,1,3,19,2,8,153.0,0,0,0,1,1,0,22,0,15.5,2.8,-4.06,0,7,28.875,15,7,13,0,0.36
1,1,6,9500,1,1,138.0,1,1,38,3,9,123.0,1,0,0,1,0,0,19,0,12.4,0.5,1.79,0,11,26.506666666666668,18,0,14,0,0.375
1,44,1,9085,1,39,150.0,1,37,37,9,9,150.0,0,0,0,1,0,0,20,0,12.4,0.5,1.79,0,8,25.0,26,3,12,0,0.355
1,18,4,9853,1,1,123.0,1,19,38,4,10,123.7,1,0,0,1,0,0,19,0,15.5,2.8,-4.06,0,10,23.666666666666664,16,0,12,0,0.36
5,1,3,9085,1,1,133.0,1,19,19,4,7,119.7,1,0,0,1,0,0,21,0,9.4,-0.8,-3.12,0,8,23.53333333333333,23,0,10,3,0.375
1,17,1,9773,1,1,133.1,1,38,38,9,5,117.0,0,0,0,1,0,0,21,0,15.5,2.8,-4.06,0,10,23.633333333333333,16,0,12,0,0.355
1,43,1,9500,1,1,127.0,1,19,19,4,7,121.1,0,0,0,1,0,1,18,0,16.2,0.3,-0.92,0,7,25.560000000000002,18,0,14,0,0.325
1,16,1,9070,1,1,145.0,1,1,1,3,3,146.1,1,0,0,1,0,0,18,0,9.4,-0.8,-3.12,0,5,27.5,13,0,12,0,0.37
1,17,1,9085,1,1,138.0,1,2,19,2,9,126.8,1,0,0,1,0,0,18,0,10.8,1.4,1.74,0,5,23.3,24,0,10,2,0.36
1,44,3,9085,1,39,150.0,1,1,19,4,1,150.0,1,0,0,1,0,0,19,0,12.7,3.7,-1.7,0,4,28.333333333333336,18,0,10,1,0.38
1,17,1,171,1,1,133.0,1,1,1,6,7,134.8,1,0,0,1,0,0,18,0,12.4,0.5,1.79,1,0,0.0,0,0,0,0,0.565
1,1,1,9085,1,1,125.0,1,19,37,3,7,126.8,0,0,0,1,0,0,18,0,11.1,0.6,2.02,0,10,24.75,29,0,12,0,0.375
1,17,5,9500,1,1,137.0,1,1,1,5,4,131.1,1,0,0,1,0,0,18,0,13.9,-0.3,0.79,0,14,25.114285714285714,18,0,15,0,0.37
1,17,1,9130,1,1,143.0,1,3,3,2,2,131.8,1,0,1,0,0,0,18,0,8.9,1.4,3.51,0,10,26.566666666666666,21,0,12,0,0.4
1,44,1,9085,1,39,130.0,1,3,1,2,9,130.0,1,0,0,1,0,0,21,0,12.4,0.5,1.79,0,8,24.083333333333336,26,2,12,0,0.36
1,17,2,171,1,1,137.0,1,1,1,4,1,143.3,1,0,0,1,0,0,18,0,9.4,-0.8,-3.12,1,0,0.0,0,0,0,0,0.66
1,17,2,9238,1,1,133.0,1,2,1,3,4,136.2,1,0,0,1,0,0,19,0,7.6,2.6,0.32,0,3,22.0,26,0,12,0,0.38
1,1,1,9070,1,1,124.0,1,19,37,4,4,126.8,0,0,0,1,0,1,18,0,13.9,-0.3,0.79,0,11,23.142857142857142,20,1,12,1,0.35
1,17,1,171,1,1,144.0,1,37,37,9,6,129.3,1,0,0,1,1,1,18,0,7.6,2.6,0.32,1,0,0.0,0,0,0,0,0.535
1,17,1,9119,1,1,142.0,1,19,38,9,7,127.3,0,0,0,1,1,0,18,0,16.2,0.3,-0.92,0,6,22.0,16,0,10,1,0.355
1,1,2,9773,1,1,133.1,1,38,19,4,7,98.0,1,0,0,1,1,1,19,0,15.5,2.8,-4.06,0,10,24.285714285714285,16,0,12,0,0.34
1,17,2,9147,1,1,130.0,1,1,38,5,7,122.0,1,0,0,1,1,0,20,0,10.8,1.4,1.74,0,6,22.75,19,0,10,0,0.36
1,43,1,9070,1,1,117.0,1,1,1,4,7,112.5,1,0,0,1,1,0,19,0,13.9,-0.3,0.79,0,7,22.0,20,4,12,0,0.36
1,44,1,9119,1,39,180.0,1,1,1,9,8,180.0,0,0,0,1,1,1,20,0,12.4,0.5,1.79,0,12,28.267857142857142,22,4,13,0,0.315
1,43,1,9147,1,1,130.0,1,37,19,9,8,130.8,0,0,0,1,1,0,22,0,16.2,0.3,-0.92,0,3,13.333333333333334,14,0,10,2,0.365
1,17,2,9147,1,1,133.1,1,38,38,4,7,109.0,1,0,0,1,1,1,22,0,10.8,1.4,1.74,0,6,22.904761904761905,16,0,10,0,0.325
1,1,1,9119,1,1,126.0,1,38,19,5,5,130.2,0,0,0,1,1,0,19,0,10.8,1.4,1.74,0,8,22.2,15,0,10,0,0.375
1,1,2,9773,1,1,133.0,1,3,1,2,4,130.2,0,0,0,1,1,0,19,0,8.9,1.4,3.51,0,13,23.6,25,6,16,1,0.38
1,43,1,9119,1,1,146.0,1,3,1,2,3,100.0,0,0,0,1,1,0,18,0,13.9,-0.3,0.79,0,7,23.916666666666664,20,0,10,0,0.37
1,17,2,9254,1,1,118.0,1,19,19,5,7,121.2,0,0,0,1,1,1,18,0,15.5,2.8,-4.06,0,7,22.666666666666664,21,0,12,0,0.325
1,1,1,9254,1,1,123.0,1,38,19,9,4,117.8,0,0,0,1,1,0,19,0,10.8,1.4,1.74,0,6,25.75,22,0,12,0,0.38
1,39,1,9130,1,1,130.0,1,19,1,191,144,110.0,0,0,0,1,1,0,24,0,16.2,0.3,-0.92,0,9,22.666666666666668,23,0,12,0,0.355
1,39,1,9085,1,12,133.1,1,38,19,9,8,138.3,1,0,1,0,1,0,25,0,8.9,1.4,3.51,1,0,0.0,12,0,12,0,0.665
2,39,1,9991,0,1,130.0,1,37,37,9,9,127.8,0,0,0,1,1,0,37,0,7.6,2.6,0.32,0,7,22.083333333333336,14,0,10,0,0.355
1,43,1,9119,1,1,128.0,1,1,38,4,7,100.0,0,0,0,1,1,0,19,0,13.9,-0.3,0.79,0,7,22.5,20,0,10,0,0.36
1,17,1,9500,1,1,128.0,1,1,1,4,5,124.7,0,0,0,1,1,1,19,0,15.5,2.8,-4.06,0,12,24.945238095238096,21,0,14,0,0.32
1,43,2,9500,1,1,136.0,1,19,1,9,10,124.1,0,0,0,1,1,1,21,0,9.4,-0.8,-3.12,1,0,0.0,16,0,16,16,0.54
1,44,1,9003,1,39,130.0,1,5,3,2,2,130.0,0,0,0,1,1,0,20,0,15.5,2.8,-4.06,0,5,22.166666666666664,27,1,13,0,0.37
1,1,2,9670,1,1,122.0,1,1,19,4,4,116.1,0,0,0,1,1,1,19,0,11.1,0.6,2.02,0,12,25.839285714285715,19,0,12,0,0.35
1,1,1,9853,1,1,110.0,1,37,37,9,4,114.3,1,0,0,1,1,0,42,0,7.6,2.6,0.32,0,10,24.200000000000003,19,0,12,0,0.38
1,18,1,9085,1,1,106.0,1,1,19,3,5,104.6,0,0,0,0,1,0,21,0,11.1,0.6,2.02,0,9,28.8,21,0,12,0,0.39
1,1,1,9070,1,1,132.0,1,1,1,4,9,136.6,1,0,0,1,1,0,19,0,7.6,2.6,0.32,0,8,22.4,17,0,12,3,0.37
1,44,1,9003,1,39,140.0,1,1,38,9,6,140.0,0,0,0,1,1,0,21,0,15.5,2.8,-4.06,0,8,22.25,28,0,12,0,0.355
1,1,1,9070,1,1,140.0,1,19,38,4,4,138.3,0,0,0,1,1,0,20,0,13.9,-0.3,0.79,0,10,24.92857142857143,20,1,12,1,0.385
1,42,1,9119,1,1,136.0,1,1,37,5,5,117.5,0,0,0,1,1,0,19,0,15.5,2.8,-4.06,0,6,23.3,13,2,10,0,0.36
1,44,1,9119,1,39,140.0,1,5,41,3,2,140.0,0,0,0,1,1,0,23,0,12.4,0.5,1.79,0,4,28.0,24,4,13,0,0.38
1,17,1,9070,1,1,131.0,1,19,19,7,7,125.1,0,0,0,1,1,0,18,0,16.2,0.3,-0.92,0,11,23.133333333333333,17,0,12,4,0.355
1,1,1,9147,1,1,130.0,1,37,37,9,9,118.8,0,0,1,1,1,1,22,0,15.5,2.8,-4.06,0,7,21.666666666666664,19,0,10,0,0.335
1,18,5,9119,1,1,136.0,1,3,2,2,3,125.2,1,0,0,1,1,0,19,0,12.4,0.5,1.79,0,10,26.547619047619047,18,0,10,0,0.37
1,1,3,9070,1,1,110.0,1,37,37,9,9,107.6,1,0,0,1,1,1,22,0,7.6,2.6,0.32,0,12,23.833333333333332,12,0,12,0,0.335
1,43,1,9070,1,1,160.0,1,1,2,4,2,100.0,0,0,0,1,1,0,38,0,13.9,-0.3,0.79,0,9,32.5,20,1,12,1,0.37
1,39,1,9500,1,1,110.0,1,1,37,9,9,126.0,1,0,0,1,1,0,27,0,7.6,2.6,0.32,0,14,28.171428571428567,14,0,14,0,0.355
1,51,1,9119,1,1,129.0,1,2,37,2,9,121.6,1,0,0,1,1,0,19,0,7.6,2.6,0.32,0,1,10.0,17,0,10,0,0.41
1,17,1,9119,1,1,122.0,1,19,19,9,9,114.7,0,0,0,1,1,0,20,0,11.1,0.6,2.02,0,10,29.514285714285712,14,0,10,0,0.355
1,17,4,9119,1,1,139.0,1,37,19,9,4,133.1,1,0,0,1,1,0,18,0,7.6,2.6,0.32,0,7,27.166666666666664,15,0,10,1,0.365
1,43,1,9670,1,1,132.0,1,3,19,4,8,120.5,0,0,0,1,1,0,19,0,13.9,-0.3,0.79,0,8,25.75,25,0,12,0,0.36
1,39,1,9119,1,1,139.0,1,19,19,9,7,110.3,0,0,1,1,1,0,24,0,8.9,1.4,3.51,0,2,21.0,23,0,10,0,0.38
1,44,1,9119,1,39,140.0,1,1,19,4,5,140.0,1,0,0,1,1,0,22,0,10.8,1.4,1.74,0,2,11.666666666666666,15,0,10,0,0.385
1,1,1,9003,1,1,144.0,1,19,19,9,9,132.8,0,0,0,1,1,1,19,0,15.5,2.8,-4.06,0,8,24.5,19,0,12,2,0.335
1,1,1,171,1,1,131.0,1,1,1,7,4,127.2,1,0,1,1,1,0,23,0,11.1,0.6,2.02,0,24,24.06293706293706,47,23,34,1,0.375
1,1,1,9773,1,1,140.0,1,3,2,4,6,133.4,1,0,0,0,1,0,29,0,11.1,0.6,2.02,0,11,30.3,14,0,12,0,0.425
1,44,1,9003,1,1,140.0,1,1,1,4,5,140.0,0,0,0,1,1,0,20,0,16.2,0.3,-0.92,0,11,23.063492063492067,23,0,12,0,0.36
1,17,3,171,1,1,125.0,1,3,39,2,5,117.0,1,1,0,1,1,0,22,0,10.8,1.4,1.74,1,0,0.0,0,0,0,0,0.6
1,1,2,9670,1,1,117.0,1,3,1,3,5,110.7,1,0,0,1,1,0,20,0,11.1,0.6,2.02,0,11,26.0,20,0,12,0,0.37
1,39,1,9130,1,1,150.0,1,19,19,9,5,160.0,1,0,0,1,1,0,24,0,9.4,-0.8,-3.12,0,7,25.75,22,0,10,1,0.355
1,53,1,9003,1,1,130.0,1,19,1,9,9,130.0,0,0,1,1,1,0,21,0,8.9,1.4,3.51,0,19,23.244444444444447,35,12,24,0,0.355
1,17,1,9119,1,1,127.0,1,19,1,4,5,115.8,0,0,0,1,1,0,20,0,13.9,-0.3,0.79,0,4,11.5,21,0,10,0,0.37
1,1,5,9773,1,1,125.0,1,37,3,5,2,126.1,1,0,0,1,1,0,22,0,9.4,-0.8,-3.12,0,8,24.066666666666666,22,0,12,0,0.385
1,1,1,9147,1,1,135.0,1,38,19,9,5,126.3,0,0,0,1,1,0,18,0,8.9,1.4,3.51,0,5,25.833333333333336,22,0,10,0,0.37
1,43,1,9773,1,1,128.0,1,19,38,9,7,124.2,1,0,0,1,1,0,22,0,15.5,2.8,-4.06,0,6,23.666666666666668,31,0,12,3,0.355
1,1,2,9773,1,1,135.0,1,3,1,4,4,136.1,1,0,0,1,1,0,19,0,8.9,1.4,3.51,0,10,23.8,22,0,12,0,0.38
2,39,2,9991,0,1,150.0,1,37,37,9,9,120.0,0,0,0,1,0,0,43,0,9.4,-0.8,-3.12,0,7,23.166666666666664,21,1,10,0,0.355
1,39,1,9003,1,1,133.1,6,1,1,192,144,129.8,0,0,0,1,1,0,24,1,8.9,1.4,3.51,0,12,26.97142857142857,16,0,13,0,0.355
1,17,4,9119,1,1,135.0,1,38,37,5,7,126.6,1,0,0,1,1,0,18,0,7.6,2.6,0.32,0,7,25.0,17,0,10,3,0.36
2,43,1,9085,1,1,160.0,1,37,37,9,7,120.0,0,0,0,1,1,0,21,0,9.4,-0.8,-3.12,0,3,11.666666666666666,22,0,10,3,0.365
1,39,1,8014,0,1,100.0,1,37,37,6,6,108.3,0,0,0,1,1,0,39,0,7.6,2.6,0.32,0,8,22.4,20,1,12,1,0.355
1,39,1,9500,1,1,120.0,1,37,37,9,9,100.0,0,0,0,1,1,0,34,0,16.2,0.3,-0.92,0,10,23.933333333333334,31,0,14,0,0.355
1,1,1,171,1,1,130.0,1,1,38,5,9,118.1,0,0,1,0,1,0,18,0,9.4,-0.8,-3.12,1,0,0.0,0,0,0,0,0.71
1,15,1,171,1,1,130.0,26,1,1,2,9,130.0,0,0,0,1,1,0,21,1,8.9,1.4,3.51,0,23,28.166666666666668,27,10,23,0,0.36
1,1,1,9147,1,1,166.0,1,19,37,4,8,146.4,0,0,0,1,1,0,27,0,7.6,2.6,0.32,0,4,23.0,24,0,10,0,0.385
1,1,1,9119,1,1,146.0,1,37,37,9,9,148.5,1,0,0,1,1,0,18,0,10.8,1.4,1.74,0,5,26.0,15,0,10,0,0.37
1,44,1,9003,1,39,140.0,1,37,37,9,1,140.0,0,0,0,1,1,1,20,0,15.5,2.8,-4.06,0,11,26.133333333333333,24,0,12,0,0.33
1,44,1,9130,1,39,150.0,1,5,1,2,5,150.0,1,0,0,1,1,0,19,0,13.9,-0.3,0.79,0,7,22.6,25,2,12,0,0.36
1,1,1,9254,1,1,160.0,1,19,38,9,9,140.8,1,0,0,1,1,0,23,0,7.6,2.6,0.32,0,11,24.866666666666667,18,0,12,0,0.37
1,43,1,171,1,1,120.0,1,3,3,2,2,120.0,1,0,0,1,1,0,22,0,7.6,2.6,0.32,1,0,0.0,0,0,0,0,0.665
1,17,6,9147,1,1,133.0,1,19,38,5,6,123.2,1,0,0,1,1,0,20,0,9.4,-0.8,-3.12,0,5,25.166666666666664,19,0,10,1,0.36
1,17,2,9773,1,1,124.0,1,1,1,4,4,127.9,1,0,0,1,1,0,20,0,9.4,-0.8,-3.12,0,7,23.916666666666664,24,0,12,0,0.37
1,1,2,9147,1,1,128.0,1,1,1,9,6,120.3,0,0,0,1,1,0,19,0,8.9,1.4,3.51,0,7,24.3,22,0,10,0,0.365
1,15,1,9500,1,1,190.0,108,3,2,122,4,190.0,1,0,0,1,0,0,18,1,12.4,0.5,1.79,0,9,23.994999999999997,25,0,14,0,0.365
1,17,4,9119,1,1,122.0,62,1,1,191,171,121.0,1,0,0,1,1,0,20,1,8.9,1.4,3.51,0,5,24.25,24,0,10,0,0.355
1,17,1,9130,1,1,138.0,1,2,19,2,6,126.3,1,0,0,1,0,1,18,0,8.9,1.4,3.51,0,12,25.833333333333336,15,0,12,1,0.325
1,17,2,9853,1,1,141.0,1,3,1,1,5,130.2,1,0,0,1,0,0,19,0,12.7,3.7,-1.7,0,9,22.15,15,0,12,1,0.355
1,43,1,9130,1,1,100.0,41,3,4,3,2,100.0,0,0,0,1,0,0,19,1,9.4,-0.8,-3.12,0,10,30.0,17,0,10,2,0.37
1,44,1,9003,1,39,140.0,1,38,38,6,3,140.0,0,0,0,1,0,0,19,0,15.5,2.8,-4.06,0,7,23.166666666666664,32,0,12,0,0.365
1,17,3,9070,1,1,145.0,1,3,3,4,4,153.1,1,0,0,1,0,1,20,0,12.7,3.7,-1.7,0,12,26.833333333333336,12,0,12,0,0.335
1,18,4,9119,1,1,134.0,1,19,38,194,175,124.9,1,0,1,1,1,0,18,0,8.9,1.4,3.51,0,6,22.0,20,0,10,0,0.355
1,1,1,9119,1,1,163.0,1,19,37,5,8,150.8,1,0,0,1,1,0,18,0,7.6,2.6,0.32,0,6,21.0,20,0,10,3,0.375
1,1,2,171,1,1,165.0,1,3,3,2,2,163.6,1,0,0,1,0,0,18,0,12.4,0.5,1.79,1,0,0.0,0,0,0,0,0.665
1,43,1,9147,1,1,142.0,1,38,19,141,171,115.0,0,0,0,1,0,0,19,0,13.9,-0.3,0.79,0,7,22.166666666666664,20,0,10,0,0.355
1,1,1,9238,1,1,133.0,1,38,1,2,4,126.0,0,0,0,1,0,0,20,0,9.4,-0.8,-3.12,0,1,12.0,21,0,11,0,0.43
1,39,1,8014,0,1,140.0,1,19,1,9,8,105.0,0,0,0,1,0,0,26,0,15.5,2.8,-4.06,0,8,21.866666666666667,23,0,12,1,0.355
1,39,1,9147,1,12,133.1,1,37,37,9,7,139.4,0,0,1,1,0,0,41,0,7.6,2.6,0.32,0,10,23.799999999999997,14,0,10,0,0.355
1,39,1,9991,0,1,150.0,1,19,37,9,8,138.5,0,0,0,1,0,0,26,0,12.7,3.7,-1.7,0,8,23.25,19,0,10,0,0.355
1,18,2,9147,1,1,115.0,1,1,37,5,5,108.7,1,0,0,1,0,0,21,0,9.4,-0.8,-3.12,0,6,24.666666666666664,17,0,10,1,0.36
1,1,4,9147,1,1,133.1,1,1,19,4,6,106.0,1,0,0,1,0,0,24,0,12.7,3.7,-1.7,0,3,21.5,25,0,10,0,0.385
1,1,4,9853,1,1,134.0,1,19,1,5,9,127.4,1,0,0,1,0,0,18,0,10.8,1.4,1.74,0,10,24.4,14,0,12,0,0.37
1,1,1,9853,1,1,133.1,1,19,37,9,9,95.0,1,0,1,0,0,0,22,0,11.1,0.6,2.02,0,12,24.666666666666664,18,0,14,0,0.43
1,17,1,9147,1,1,115.0,1,19,19,7,7,115.0,1,0,0,1,0,0,23,0,9.4,-0.8,-3.12,0,3,22.0,16,0,10,1,0.365
1,17,3,9085,1,1,130.0,1,19,37,5,5,121.3,1,0,0,1,0,0,21,0,9.4,-0.8,-3.12,0,6,25.0,22,0,10,3,0.36
1,17,3,9853,1,1,118.0,1,38,38,7,7,121.2,1,0,0,1,0,0,18,0,7.6,2.6,0.32,0,10,25.4,15,0,12,0,0.355
1,17,1,9254,1,1,122.0,1,1,1,4,9,112.9,1,0,0,1,0,0,22,0,7.6,2.6,0.32,0,7,23.583333333333336,25,0,12,0,0.36
1,42,1,9070,1,1,100.0,1,3,2,2,2,115.9,0,0,0,1,0,0,29,0,9.4,-0.8,-3.12,0,19,23.455555555555556,32,16,21,0,0.37
1,1,1,9500,1,1,137.0,1,1,19,4,4,125.3,0,0,0,1,1,0,19,0,7.6,2.6,0.32,0,14,24.4,14,0,14,0,0.385
1,1,1,9147,1,1,120.0,1,1,19,7,7,111.3,0,0,0,1,1,1,18,0,15.5,2.8,-4.06,0,8,22.55,20,0,10,0,0.335
1,39,9,9991,0,1,120.0,1,38,38,9,5,144.8,0,0,0,1,1,0,28,0,10.8,1.4,1.74,0,9,27.083333333333336,14,0,10,0,0.355
1,1,1,9670,1,1,132.0,1,1,19,7,5,129.9,1,0,0,1,1,0,20,0,12.4,0.5,1.79,0,10,25.714285714285715,18,0,12,0,0.37
1,43,1,9070,1,1,150.0,1,3,39,3,7,126.4,0,0,0,1,1,0,26,0,12.4,0.5,1.79,0,14,25.42857142857143,19,8,15,0,0.36
1,1,1,9500,1,1,127.0,1,3,1,2,8,121.4,0,0,0,1,1,0,20,0,12.4,0.5,1.79,0,13,27.198888888888888,19,0,15,0,0.37
1,17,2,9853,1,1,114.0,1,1,19,9,9,111.9,1,0,0,1,1,1,20,0,7.6,2.6,0.32,0,12,24.5,13,0,12,0,0.32
2,39,1,9500,1,19,133.1,1,37,38,9,7,100.5,1,0,0,1,1,0,43,0,10.8,1.4,1.74,0,14,23.271428571428572,16,0,16,0,0.355
1,17,5,9119,1,1,138.0,1,19,19,5,5,123.3,1,0,1,1,1,0,18,0,12.4,0.5,1.79,0,9,23.785714285714285,20,0,10,0,0.36
2,39,1,9991,0,1,160.0,1,34,34,99,99,114.3,0,0,0,1,1,0,40,0,7.6,2.6,0.32,0,7,23.5,17,0,10,1,0.355
1,1,1,9254,1,1,133.1,1,37,37,1,1,97.0,0,0,0,1,1,0,27,0,10.8,1.4,1.74,0,10,21.916666666666664,14,0,12,0,0.38
1,44,1,9003,1,39,140.0,1,38,1,134,134,140.0,1,0,1,1,1,0,26,0,8.9,1.4,3.51,1,0,0.0,13,0,12,0,0.575
1,1,2,9119,1,1,126.0,1,1,38,141,192,122.5,1,0,0,1,1,0,20,0,8.9,1.4,3.51,0,8,22.8,16,0,10,0,0.37
1,51,1,9147,1,1,130.0,1,19,38,9,8,115.7,0,0,0,1,1,0,20,0,8.9,1.4,3.51,0,8,21.0,14,0,10,0,0.355
1,1,1,9119,1,1,140.0,1,37,19,9,9,166.0,1,0,1,1,1,0,20,0,9.4,-0.8,-3.12,1,0,0.0,12,0,10,0,0.595
1,39,1,9500,1,1,120.0,1,1,2,144,123,125.3,0,0,1,1,1,0,30,0,12.4,0.5,1.79,0,10,27.9,21,0,14,0,0.355
1,17,1,9670,1,1,115.0,1,19,19,191,171,109.1,0,0,1,0,1,0,21,0,11.1,0.6,2.02,0,8,25.65,20,0,12,0,0.4
1,17,1,9670,1,1,109.0,1,1,1,4,4,108.0,0,0,0,1,1,0,19,0,7.6,2.6,0.32,1,0,0.0,15,0,10,0,0.635
4,39,1,9556,1,1,160.0,1,19,3,9,2,130.0,0,0,0,1,0,0,25,0,12.7,3.7,-1.7,0,14,23.992857142857144,29,0,15,0,0.365
2,39,2,9556,1,1,110.0,1,19,38,9,9,112.8,0,0,0,1,0,1,26,0,10.8,1.4,1.74,1,0,0.0,15,0,15,6,0.545
1,17,2,9147,1,1,129.0,1,2,3,2,2,128.3,1,0,0,1,0,0,19,0,12.7,3.7,-1.7,0,7,22.75,19,0,10,0,0.37
1,43,1,9085,1,1,127.0,1,3,3,2,5,100.0,0,0,0,1,0,0,21,0,13.9,-0.3,0.79,0,7,25.416666666666664,23,0,12,0,0.36
1,1,1,9130,1,1,138.0,1,4,5,2,2,123.0,1,0,0,1,0,0,21,0,12.7,3.7,-1.7,0,3,21.5,21,0,10,0,0.395
1,39,1,9085,1,1,130.0,1,4,1,2,9,120.0,0,0,0,0,0,0,26,0,11.1,0.6,2.02,0,11,29.92857142857143,15,0,12,0,0.4
1,1,1,9500,1,1,131.0,1,19,19,4,4,122.0,1,0,0,1,0,0,20,0,12.7,3.7,-1.7,0,14,28.02857142857143,16,0,16,0,0.385
1,17,2,9238,1,1,118.0,1,1,19,4,10,110.7,1,1,0,1,0,0,18,0,12.7,3.7,-1.7,0,5,23.666666666666668,28,0,12,3,0.36
1,1,1,9500,1,1,106.0,1,37,38,191,163,102.2,1,0,1,1,1,0,20,0,11.1,0.6,2.02,0,13,24.209761904761905,17,0,15,0,0.37
1,44,1,9003,1,39,120.0,1,38,19,3,5,120.0,0,0,0,1,1,0,23,0,15.5,2.8,-4.06,1,0,0.0,14,0,12,0,0.615
1,44,1,9003,1,39,130.0,1,2,3,9,6,130.0,0,0,0,1,1,0,20,0,12.4,0.5,1.79,0,8,22.8,25,0,12,0,0.355
1,43,1,8014,0,1,120.0,1,37,37,9,5,100.0,0,0,0,1,0,0,45,0,12.7,3.7,-1.7,0,14,21.833333333333336,23,8,16,0,0.355
1,39,1,8014,0,19,100.0,1,37,37,5,5,111.0,1,0,0,1,0,1,26,0,7.6,2.6,0.32,0,6,24.0,24,0,12,0,0.325
1,39,1,9991,0,1,130.0,1,37,37,9,9,130.1,0,0,0,1,0,0,25,0,10.8,1.4,1.74,0,6,22.25,16,0,10,0,0.355
1,1,1,9500,1,1,124.0,1,19,37,3,8,117.5,1,0,0,1,1,0,19,0,9.4,-0.8,-3.12,0,10,25.716,20,0,16,6,0.375
1,1,4,9500,1,1,126.0,1,12,1,5,10,120.2,0,0,0,1,0,1,19,0,12.4,0.5,1.79,0,12,25.302857142857142,18,0,14,0,0.33
1,17,2,171,1,1,141.0,1,19,37,9,9,136.1,1,0,0,1,0,1,18,0,12.7,3.7,-1.7,1,0,0.0,0,0,0,0,0.535
1,43,2,9670,1,1,129.0,1,3,3,5,5,122.4,1,0,0,1,0,0,19,0,12.7,3.7,-1.7,0,9,26.35,14,0,11,0,0.36
1,43,1,9773,1,1,119.0,1,19,37,5,5,105.0,1,0,0,1,0,0,23,0,16.2,0.3,-0.92,0,5,22.333333333333336,18,0,12,0,0.36
1,1,1,9238,1,1,132.0,1,37,37,9,7,129.9,1,0,0,1,0,0,20,0,10.8,1.4,1.74,0,11,25.866666666666667,13,0,12,0,0.37
1,1,3,9670,1,1,120.0,1,37,37,7,7,111.3,1,0,0,1,1,0,19,0,9.4,-0.8,-3.12,0,7,22.333333333333336,14,0,10,0,0.37
4,39,1,9991,0,1,130.0,1,37,37,9,9,127.6,0,0,0,1,1,0,29,0,7.6,2.6,0.32,1,0,0.0,10,0,10,0,0.58
1,1,1,9670,1,1,122.0,1,12,12,5,7,126.6,1,0,0,1,0,0,18,0,11.1,0.6,2.02,0,12,28.767857142857142,17,0,12,0,0.375
1,1,3,9500,1,1,126.0,1,1,19,131,181,120.1,1,0,0,1,0,0,19,0,12.4,0.5,1.79,0,10,25.491666666666667,20,0,14,0,0.37
1,1,1,9147,1,1,129.0,1,37,37,9,7,117.8,0,0,0,1,0,1,19,0,10.8,1.4,1.74,0,8,24.857142857142858,15,0,10,0,0.335
1,43,1,9773,1,1,127.0,1,19,1,5,5,117.6,1,0,0,1,0,0,18,0,16.2,0.3,-0.92,0,3,11.0,16,0,12,0,0.37
1,17,1,9670,1,1,115.0,1,1,1,4,4,109.1,1,0,0,1,0,1,19,0,12.4,0.5,1.79,0,11,27.885714285714286,16,0,12,0,0.33
1,1,5,9500,1,1,125.0,1,3,19,4,8,120.3,1,0,0,1,0,0,19,0,13.9,-0.3,0.79,0,10,25.416666666666668,19,0,14,0,0.375
1,1,2,9070,1,1,129.0,1,3,4,2,2,136.4,1,0,0,1,0,0,18,0,7.6,2.6,0.32,0,12,25.166666666666668,12,0,12,0,0.385
1,17,3,9147,1,1,137.0,1,1,1,4,7,124.4,1,0,0,1,0,0,18,0,11.1,0.6,2.02,0,9,23.6,10,0,10,0,0.36
2,39,1,9003,1,1,150.0,1,3,3,2,2,120.0,0,0,1,0,0,0,34,0,11.1,0.6,2.02,0,12,27.166666666666668,19,1,12,0,0.4
1,1,2,9670,1,1,117.0,1,37,37,9,9,111.8,0,0,0,1,0,0,22,0,7.6,2.6,0.32,0,5,23.0,17,0,10,1,0.37
2,39,2,9147,1,1,140.0,1,37,37,9,8,108.0,0,0,0,1,0,0,50,0,9.4,-0.8,-3.12,0,8,25.53333333333333,20,0,10,1,0.355
1,39,1,9085,1,1,130.0,1,37,37,6,6,110.0,0,0,0,1,0,1,25,0,11.1,0.6,2.02,0,5,23.0,27,0,12,0,0.32
2,39,1,9991,0,1,120.0,1,37,37,9,9,119.9,0,0,0,1,0,0,50,0,12.7,3.7,-1.7,0,5,21.5,16,0,10,0,0.355
4,43,1,8014,0,12,133.1,1,34,34,0,0,106.0,1,0,0,1,0,0,48,0,7.6,2.6,0.32,0,9,25.5,19,0,12,0,0.365
2,39,1,9147,1,1,110.0,1,37,37,9,10,140.0,0,0,0,1,0,0,41,0,9.4,-0.8,-3.12,0,9,27.5,26,0,10,1,0.355
2,43,1,9991,0,1,140.0,1,38,37,5,6,117.3,0,0,0,1,0,0,28,0,7.6,2.6,0.32,0,15,22.0,32,11,20,1,0.36
1,51,1,9147,1,1,160.0,1,1,37,9,10,118.0,0,0,0,1,0,0,53,0,8.9,1.4,3.51,0,27,23.46666666666667,28,26,28,1,0.355
1,39,1,8014,0,1,120.0,1,37,37,9,7,106.8,0,0,0,1,0,0,49,0,13.9,-0.3,0.79,0,9,23.833333333333336,21,0,12,0,0.355
1,43,1,9238,1,1,122.0,1,19,19,5,5,114.3,1,0,0,1,0,0,22,0,9.4,-0.8,-3.12,0,13,22.2,31,7,17,0,0.36
1,39,1,9991,0,1,120.0,1,37,37,6,6,147.8,0,0,0,1,0,0,40,0,13.9,-0.3,0.79,0,9,23.25,15,0,10,0,0.355
2,43,1,9991,0,2,120.0,1,37,37,9,8,120.0,0,0,0,1,0,0,36,0,9.4,-0.8,-3.12,0,23,22.9375,43,15,24,0,0.355
6,39,1,8014,0,1,133.1,1,37,37,9,9,119.0,0,0,0,1,0,1,48,0,10.8,1.4,1.74,0,11,22.46666666666667,16,0,12,0,0.32
1,39,1,8014,0,1,155.0,1,19,37,4,5,117.5,0,0,0,1,0,0,34,0,12.7,3.7,-1.7,0,4,13.25,12,0,12,0,0.37
1,1,3,9500,1,1,136.0,1,1,1,4,4,127.0,1,0,0,1,0,0,19,0,9.4,-0.8,-3.12,0,2,27.34,20,0,16,14,0.415
2,39,1,9991,0,1,110.0,1,37,37,9,3,127.1,0,0,0,1,0,0,34,0,7.6,2.6,0.32,0,8,21.75,19,0,10,1,0.365
2,39,2,9556,1,1,133.1,105,1,3,9,2,152.8,1,0,0,1,0,0,28,1,12.4,0.5,1.79,0,15,24.728571428571428,17,0,15,0,0.365
2,39,2,9670,1,1,100.0,1,37,37,9,9,100.0,0,0,0,1,0,0,35,0,9.4,-0.8,-3.12,0,8,23.733333333333334,15,0,10,0,0.355
1,17,4,9500,1,1,138.0,1,4,1,2,1,133.0,1,0,0,1,0,0,18,0,9.4,-0.8,-3.12,1,0,0.0,16,0,16,10,0.665
1,5,1,9085,1,1,150.0,1,1,1,4,4,139.4,0,0,0,1,0,0,18,0,7.6,2.6,0.32,0,7,25.0,15,0,10,1,0.37
1,43,2,9853,1,1,118.0,1,19,1,5,4,110.0,1,0,0,1,0,0,20,0,10.8,1.4,1.74,0,8,23.75,18,0,12,0,0.37
1,1,2,9254,1,1,137.0,1,38,19,9,7,125.1,1,0,0,1,0,0,18,0,7.6,2.6,0.32,0,9,22.95,19,0,12,0,0.37
1,17,1,9147,1,1,120.0,1,3,3,2,2,112.0,0,0,0,1,0,0,20,0,15.5,2.8,-4.06,0,8,22.5,17,0,10,0,0.37
1,39,1,9500,1,1,148.0,1,3,19,2,5,130.0,0,0,0,1,0,0,24,0,12.7,3.7,-1.7,0,14,25.428571428571427,24,0,16,0,0.36
1,17,5,9147,1,1,127.0,1,1,38,4,5,124.6,1,0,0,1,0,1,19,0,11.1,0.6,2.02,0,6,21.75,23,0,10,0,0.325
1,1,4,9773,1,1,137.0,1,3,19,2,3,139.8,1,1,0,1,0,0,18,0,10.8,1.4,1.74,0,12,25.142857142857142,21,0,12,0,0.385
1,17,5,9500,1,1,130.0,1,19,1,9,4,128.8,1,0,0,1,0,0,18,0,11.1,0.6,2.02,0,13,26.147142857142857,18,0,15,0,0.365
1,1,1,9085,1,1,146.0,1,1,1,9,7,126.0,0,0,0,1,0,0,19,0,7.6,2.6,0.32,0,7,22.583333333333336,14,0,10,0,0.365
1,42,1,9147,1,1,139.0,1,3,38,2,5,112.3,1,0,0,1,0,0,19,0,10.8,1.4,1.74,0,5,22.357142857142858,18,0,10,0,0.36
1,1,2,9773,1,1,130.0,1,19,19,5,6,137.4,0,0,0,1,0,0,19,0,15.5,2.8,-4.06,0,12,29.0,13,0,12,0,0.375
1,1,3,9500,1,1,140.0,6,2,3,5,2,124.3,1,0,0,1,0,0,19,1,12.4,0.5,1.79,0,10,24.22,18,0,14,0,0.385
1,1,3,9670,1,1,121.0,1,1,19,5,5,111.9,1,0,0,1,1,1,20,0,10.8,1.4,1.74,0,10,21.904761904761905,17,0,12,0,0.34
1,39,1,9119,1,1,130.0,1,19,37,9,4,149.0,1,0,0,1,1,0,33,0,7.6,2.6,0.32,0,7,25.666666666666664,18,0,10,1,0.365
1,1,1,9670,1,1,132.0,1,4,2,123,112,143.6,1,0,0,1,1,0,20,0,13.9,-0.3,0.79,0,10,24.4,18,0,12,0,0.37
1,43,1,9119,1,1,130.0,1,1,1,9,2,128.0,0,0,1,0,1,0,27,0,13.9,-0.3,0.79,1,0,0.0,12,0,10,0,0.705
2,7,1,9147,1,3,110.0,1,19,1,9,9,110.0,0,0,0,1,0,0,33,0,11.1,0.6,2.02,0,10,24.833333333333336,18,7,13,0,0.355
1,17,1,9853,1,1,128.0,1,38,38,9,7,128.4,1,0,0,1,0,1,20,0,9.4,-0.8,-3.12,0,10,26.03333333333333,22,0,12,0,0.32
1,1,1,9238,1,1,138.0,1,37,37,9,9,135.9,1,0,0,1,0,0,19,0,7.6,2.6,0.32,0,11,23.266666666666666,22,0,12,0,0.37
1,1,5,9773,1,1,127.0,1,38,1,4,5,121.1,1,0,0,1,0,0,18,0,15.5,2.8,-4.06,0,12,25.666666666666664,12,0,12,0,0.37
1,1,1,9670,1,1,143.0,1,3,38,2,9,144.1,1,0,0,1,0,0,19,0,10.8,1.4,1.74,0,10,24.975,17,0,12,0,0.375
1,1,1,9085,1,1,133.1,1,38,37,1,1,115.0,1,0,0,1,0,0,21,0,12.7,3.7,-1.7,0,6,24.666666666666668,16,0,10,1,0.38
1,17,5,9670,1,1,125.0,1,19,30,7,7,118.4,1,0,0,1,0,1,19,0,7.6,2.6,0.32,0,7,22.25,14,0,10,1,0.32
1,17,1,9238,1,1,126.0,1,37,19,9,8,116.9,1,0,0,1,0,0,21,0,12.7,3.7,-1.7,0,9,22.041666666666664,23,0,12,0,0.355
1,1,6,9500,1,1,122.0,1,1,1,4,4,119.6,1,0,0,1,0,0,21,0,13.9,-0.3,0.79,0,14,27.0875,16,0,15,0,0.38
1,17,1,9500,1,1,141.0,1,2,38,2,10,135.4,1,0,0,1,0,0,18,0,13.9,-0.3,0.79,0,12,25.706249999999997,24,0,15,0,0.36
1,1,1,9853,1,1,129.0,1,19,38,2,7,126.9,1,0,0,1,0,1,19,0,7.6,2.6,0.32,0,9,23.7,19,0,12,0,0.34
1,1,5,9500,1,1,101.0,1,1,1,3,4,102.4,0,0,0,1,0,0,20,0,12.4,0.5,1.79,0,11,23.81142857142857,18,0,14,0,0.38
1,17,3,9147,1,1,125.0,1,38,19,7,7,125.7,0,0,0,1,0,0,20,0,15.5,2.8,-4.06,0,9,21.916666666666664,16,0,10,0,0.355
1,1,1,9130,1,1,117.0,1,1,1,9,9,109.3,1,0,0,1,0,0,20,0,12.7,3.7,-1.7,0,6,25.5,22,0,10,0,0.365
1,1,5,9500,1,1,125.0,1,1,1,3,8,115.6,1,0,0,1,0,0,18,0,16.2,0.3,-0.92,0,12,23.96666666666666,18,0,14,0,0.37
1,1,2,9147,1,1,130.0,1,37,37,9,9,117.8,0,0,0,1,0,0,18,0,7.6,2.6,0.32,0,5,21.333333333333336,17,0,10,0,0.37
1,17,1,9254,1,1,121.0,1,1,1,4,4,123.1,1,0,0,1,1,0,21,0,7.6,2.6,0.32,0,9,25.833333333333332,25,0,12,0,0.37
1,43,1,9070,1,1,135.0,1,19,19,9,9,122.8,1,0,0,1,1,1,20,0,10.8,1.4,1.74,0,5,22.333333333333336,16,0,12,0,0.32
1,17,5,9238,1,1,131.0,1,19,37,5,7,120.2,1,0,0,1,0,1,19,0,13.9,-0.3,0.79,0,11,22.166666666666668,15,0,12,0,0.325
1,43,1,9500,1,1,140.0,1,19,38,9,7,125.7,1,0,0,1,1,1,19,0,7.6,2.6,0.32,0,10,22.4,16,0,14,0,0.32
1,39,1,9119,1,1,130.0,1,37,3,9,3,137.0,1,0,0,1,1,0,28,0,7.6,2.6,0.32,0,8,21.5,23,0,10,4,0.365
1,1,2,9147,1,1,122.0,1,1,38,4,5,116.4,0,0,0,1,1,0,21,0,15.5,2.8,-4.06,0,6,22.25,19,0,10,0,0.375
1,51,1,9991,0,1,120.0,1,38,3,5,3,128.2,0,0,1,1,1,0,24,0,12.4,0.5,1.79,0,16,23.26984126984127,26,6,20,0,0.37
1,42,1,9003,1,1,140.0,1,1,3,4,2,140.0,1,0,0,1,1,0,23,0,15.5,2.8,-4.06,0,10,24.142857142857142,26,0,12,0,0.37
1,1,1,9773,1,1,127.0,1,5,3,4,4,122.8,1,0,0,1,1,0,20,0,12.4,0.5,1.79,0,9,24.166666666666664,16,0,12,0,0.385
1,1,1,171,1,1,124.0,1,2,2,3,2,118.4,1,0,0,1,1,0,18,0,7.6,2.6,0.32,1,0,0.0,0,0,0,0,0.66
1,43,1,8014,0,1,148.0,1,37,37,9,9,134.7,0,0,0,1,0,0,23,0,15.5,2.8,-4.06,0,16,22.57142857142857,27,13,24,0,0.355
1,44,1,9085,1,39,150.0,1,19,38,194,193,150.0,1,0,0,1,0,0,23,0,8.9,1.4,3.51,0,8,23.7,23,0,12,0,0.355
2,39,1,9147,1,1,130.0,1,37,37,9,9,142.5,0,0,0,1,0,0,39,0,11.1,0.6,2.02,0,8,22.75,16,0,10,0,0.355
1,1,1,9670,1,1,113.0,1,37,19,9,9,110.2,1,0,0,1,0,0,22,0,7.6,2.6,0.32,0,7,24.666666666666664,13,0,10,0,0.37
4,39,1,9991,0,1,133.1,1,37,37,9,9,130.4,0,0,0,1,0,0,30,0,12.7,3.7,-1.7,0,8,21.066666666666666,18,0,10,0,0.355
2,39,1,9991,0,39,140.0,1,38,19,9,5,110.0,0,0,0,1,0,1,35,0,12.7,3.7,-1.7,0,8,23.46666666666667,16,0,10,0,0.32
1,43,1,9500,1,1,120.0,1,37,37,9,6,120.0,1,0,0,1,0,0,26,0,7.6,2.6,0.32,0,12,24.0,16,0,14,0,0.355
2,53,1,9147,1,42,130.0,1,19,19,175,152,132.4,0,0,0,1,0,0,30,0,8.9,1.4,3.51,0,18,23.82222222222222,36,9,20,0,0.355
2,39,1,9991,0,1,162.0,1,37,37,9,6,132.0,0,0,1,1,1,0,25,0,7.6,2.6,0.32,0,8,23.0,15,0,10,0,0.355
1,17,3,9500,1,1,132.0,1,19,3,9,5,130.8,1,0,0,1,0,0,18,0,10.8,1.4,1.74,0,14,27.36285714285714,16,0,16,0,0.355
1,43,1,9500,1,1,133.1,1,38,19,9,10,114.5,0,0,0,1,0,0,23,0,16.2,0.3,-0.92,0,12,24.71666666666667,18,0,14,0,0.355
1,17,2,9500,1,1,126.0,1,37,37,7,7,126.2,1,0,0,1,0,1,18,0,11.1,0.6,2.02,0,11,24.740000000000002,18,0,14,0,0.32
1,51,1,9070,1,12,133.1,1,37,19,3,7,106.6,0,0,1,1,0,0,31,0,8.9,1.4,3.51,0,11,21.166666666666664,20,6,12,0,0.36
1,1,1,9254,1,1,120.0,1,1,1,9,10,118.3,0,0,0,1,1,0,20,0,8.9,1.4,3.51,0,11,25.25714285714286,17,0,12,0,0.365
1,1,1,171,1,1,123.0,1,1,3,2,2,118.8,0,0,0,1,1,0,19,0,8.9,1.4,3.51,0,7,21.0,18,6,17,0,0.385
5,39,1,9119,1,1,120.0,1,37,37,9,9,116.0,0,0,1,1,1,1,34,0,9.4,-0.8,-3.12,0,3,28.0,24,0,10,0,0.33
1,17,1,9147,1,1,110.0,1,1,1,4,4,99.0,0,0,0,1,1,0,21,0,10.8,1.4,1.74,0,8,22.42857142857143,16,0,10,0,0.37
1,17,4,9773,1,1,129.0,1,3,1,2,7,132.5,1,0,0,1,1,0,21,0,10.8,1.4,1.74,0,1,10.0,18,0,12,0,0.41
1,17,1,9670,1,1,140.0,1,1,1,4,3,133.4,0,0,0,1,1,0,24,0,10.8,1.4,1.74,0,8,21.67857142857143,15,0,12,0,0.37
1,17,1,9670,1,1,138.0,1,1,1,4,8,123.0,0,0,1,0,1,0,20,0,13.9,-0.3,0.79,0,9,25.4,15,0,12,0,0.4
1,1,1,9119,1,1,160.0,1,37,37,9,6,153.7,0,0,0,1,1,0,19,0,9.4,-0.8,-3.12,0,3,23.0,14,0,10,0,0.38
1,1,1,8014,0,1,123.0,1,3,1,2,9,127.6,1,0,0,1,1,0,26,0,10.8,1.4,1.74,0,12,23.5,12,0,12,0,0.37
1,44,1,9119,1,39,130.0,1,3,19,3,4,130.0,0,0,0,1,1,0,20,0,12.4,0.5,1.79,0,4,25.6,20,0,10,0,0.38
1,1,1,9147,1,1,143.0,1,1,37,9,9,135.0,1,0,0,1,0,0,21,0,7.6,2.6,0.32,0,9,23.0,16,0,10,0,0.37
1,1,1,9991,0,1,122.0,1,37,37,9,3,113.6,0,0,0,1,1,0,26,0,7.6,2.6,0.32,0,5,23.5,21,0,10,0,0.38
1,1,6,9500,1,1,145.0,1,19,37,9,9,132.3,1,0,0,1,0,1,19,0,10.8,1.4,1.74,0,14,28.12,16,0,16,0,0.335
2,1,1,9147,1,1,137.0,1,19,37,9,9,124.4,0,0,0,1,0,0,19,0,10.8,1.4,1.74,0,7,22.964285714285715,16,0,10,0,0.37
1,1,1,9085,1,1,127.0,1,37,37,9,9,122.8,1,0,0,1,0,0,19,0,12.7,3.7,-1.7,0,5,25.833333333333336,19,0,10,1,0.37
1,43,1,9238,1,1,109.0,1,19,37,5,5,108.3,0,0,0,1,0,1,21,0,10.8,1.4,1.74,0,7,22.9,23,0,12,0,0.325
1,1,2,9147,1,1,129.0,1,38,19,3,7,118.9,1,0,0,1,0,0,19,0,10.8,1.4,1.74,0,7,27.3,18,0,10,0,0.375
1,43,1,9147,1,1,131.0,1,3,19,2,9,126.1,0,0,0,1,0,0,18,0,16.2,0.3,-0.92,0,4,13.25,14,0,10,2,0.37
1,1,1,9670,1,1,126.0,1,37,19,7,7,125.7,0,0,0,1,0,0,20,0,15.5,2.8,-4.06,0,11,27.17142857142857,19,0,12,0,0.37
2,43,1,9991,0,1,134.0,1,37,37,9,9,113.7,0,0,0,1,0,0,32,0,9.4,-0.8,-3.12,0,9,21.45,14,1,10,0,0.355
1,16,3,9853,1,1,134.0,1,19,37,9,9,121.1,1,0,0,1,0,0,19,0,10.8,1.4,1.74,0,10,24.0,16,0,12,0,0.355
1,5,1,9670,1,1,135.0,1,1,12,4,4,140.3,1,0,0,1,0,0,19,0,12.4,0.5,1.79,0,10,27.42857142857143,13,0,12,0,0.37
1,17,1,9147,1,1,139.0,1,38,38,7,5,133.4,0,0,0,1,0,0,18,0,9.4,-0.8,-3.12,0,1,11.0,19,0,10,1,0.405
1,17,6,9500,1,1,136.0,1,3,38,2,9,125.7,1,0,0,1,0,0,20,0,11.1,0.6,2.02,0,12,28.323333333333334,19,0,15,0,0.36
1,1,1,9773,1,1,143.0,1,3,3,2,5,144.8,0,0,0,1,0,0,19,0,16.2,0.3,-0.92,0,12,24.666666666666664,12,0,12,0,0.375
1,18,1,9147,1,1,100.0,1,38,38,5,5,101.8,1,0,0,1,0,0,24,0,10.8,1.4,1.74,0,7,21.8,16,0,10,0,0.36
1,43,1,9991,0,1,120.0,1,37,37,9,8,122.5,1,0,0,1,0,0,29,0,9.4,-0.8,-3.12,0,17,20.833333333333336,35,16,25,0,0.355
1,17,1,9556,1,1,133.0,1,1,38,4,9,119.0,0,0,0,1,0,0,19,0,12.7,3.7,-1.7,0,13,23.964285714285715,17,0,14,0,0.36
1,1,1,9670,1,1,120.0,1,38,19,4,8,115.1,0,0,0,1,0,0,19,0,10.8,1.4,1.74,0,8,25.291666666666664,19,0,12,0,0.375
1,39,1,9991,0,1,130.0,1,37,37,9,9,151.6,0,0,0,1,0,0,24,0,16.2,0.3,-0.92,0,10,24.410714285714285,17,0,10,0,0.355
1,39,1,9500,1,1,133.1,1,19,19,5,6,121.4,0,0,1,1,0,0,28,0,13.9,-0.3,0.79,0,9,26.875,19,0,14,0,0.36
4,43,1,9500,1,1,130.0,1,37,37,9,9,103.7,0,0,0,1,0,0,38,0,10.8,1.4,1.74,0,10,26.252,24,2,16,2,0.355
1,1,1,9853,1,1,160.0,1,1,37,9,9,146.0,1,0,0,1,0,0,19,0,9.4,-0.8,-3.12,0,8,22.133333333333333,21,0,12,0,0.37
1,1,1,9147,1,1,124.0,1,38,19,3,10,128.6,1,0,0,1,0,0,20,0,7.6,2.6,0.32,0,6,23.5,9,0,9,0,0.375
1,1,1,9991,0,1,140.0,1,37,37,9,9,124.6,0,0,0,1,0,0,29,0,15.5,2.8,-4.06,0,9,21.65,21,0,10,0,0.37
1,1,5,9500,1,1,135.0,1,37,37,7,7,124.0,1,0,0,1,0,1,19,0,9.4,-0.8,-3.12,0,14,25.542857142857144,16,0,16,2,0.335
1,39,1,9238,1,1,160.0,1,38,1,9,3,124.0,0,0,1,1,1,0,28,0,10.8,1.4,1.74,0,8,21.0,32,2,14,0,0.365
1,39,1,9003,1,1,160.0,1,1,37,191,193,140.0,0,0,0,1,1,0,27,0,11.1,0.6,2.02,1,0,0.0,12,0,12,0,0.58
1,1,1,9147,1,1,130.0,1,19,19,9,7,119.5,1,0,0,1,1,1,18,0,12.4,0.5,1.79,0,8,23.5,13,0,10,0,0.335
1,44,1,9130,1,39,140.0,1,1,19,4,7,140.0,0,0,0,1,1,0,20,0,13.9,-0.3,0.79,0,7,27.4,23,3,12,0,0.36
1,43,1,9773,1,1,121.0,1,1,1,4,5,121.0,1,0,0,1,1,0,23,0,9.4,-0.8,-3.12,0,5,24.25,23,0,12,0,0.36
1,43,4,9670,1,1,117.0,1,3,3,4,4,113.2,0,0,0,1,1,0,21,0,9.4,-0.8,-3.12,0,5,20.333333333333336,21,0,10,0,0.37
2,39,1,9991,0,1,150.0,1,1,4,4,2,146.0,0,0,0,1,1,0,34,0,12.7,3.7,-1.7,0,10,28.799999999999997,10,0,10,0,0.37
1,1,1,9500,1,1,118.0,1,12,1,4,10,115.7,0,0,0,1,1,0,20,0,13.9,-0.3,0.79,0,12,26.174999999999997,18,0,15,0,0.37
1,42,1,9003,1,39,120.0,1,3,1,2,6,128.2,1,0,0,1,1,0,24,0,16.2,0.3,-0.92,0,17,26.444444444444443,25,9,19,0,0.36
1,39,1,9991,0,1,100.0,1,37,38,9,4,140.0,0,0,0,1,1,0,39,0,15.5,2.8,-4.06,0,8,25.0,14,0,10,0,0.365
1,17,1,9085,1,1,120.0,1,19,38,4,8,122.5,0,0,0,0,1,0,19,0,11.1,0.6,2.02,0,10,27.266666666666666,22,0,12,0,0.395
1,39,1,9991,0,12,133.1,1,37,37,9,9,121.5,0,0,0,1,1,0,38,0,7.6,2.6,0.32,0,5,21.833333333333336,20,0,10,1,0.355
1,1,1,9500,1,1,135.0,1,38,19,194,193,135.4,1,0,0,1,1,0,21,0,11.1,0.6,2.02,0,11,24.725,21,0,15,0,0.37
1,17,1,9670,1,1,123.0,1,37,38,3,3,122.0,0,0,1,1,1,0,19,0,8.9,1.4,3.51,0,11,26.366666666666667,16,0,12,0,0.37
1,39,1,9254,1,12,133.1,1,37,37,5,7,119.3,1,0,0,1,1,0,25,0,9.4,-0.8,-3.12,0,10,22.96666666666667,18,0,12,0,0.36
1,1,4,9070,1,1,140.0,1,4,19,2,10,125.0,1,0,0,1,1,0,19,0,9.4,-0.8,-3.12,0,12,24.80952380952381,15,0,12,0,0.375
2,39,1,9500,1,19,133.1,1,19,19,4,4,100.0,0,0,0,1,1,0,33,0,16.2,0.3,-0.92,0,5,13.06,16,0,14,0,0.37
1,1,2,9119,1,1,140.0,1,19,19,9,9,125.7,1,0,0,1,1,0,18,0,9.4,-0.8,-3.12,1,0,0.0,10,0,10,0,0.595
1,17,6,9147,1,1,120.0,1,37,38,9,9,115.5,1,0,1,0,1,0,19,0,8.9,1.4,3.51,0,9,23.0,17,0,10,0,0.4
1,1,3,9147,1,1,124.0,1,1,1,5,3,116.7,1,0,0,1,1,0,19,0,7.6,2.6,0.32,1,0,0.0,12,0,10,0,0.655
1,17,3,9500,1,1,132.0,1,3,1,2,7,125.5,1,0,0,1,1,0,18,0,10.8,1.4,1.74,0,14,26.308571428571433,16,0,16,0,0.36
1,1,1,9130,1,1,130.0,1,2,3,9,1,117.6,0,0,0,1,1,0,19,0,9.4,-0.8,-3.12,0,7,22.9,22,0,10,5,0.38
1,44,1,9003,1,39,150.0,1,19,1,1,1,150.0,0,0,0,1,1,0,22,0,15.5,2.8,-4.06,0,6,26.083333333333336,24,0,12,0,0.365
1,17,3,9119,1,1,135.0,1,1,19,141,193,121.7,1,0,0,1,1,0,18,0,8.9,1.4,3.51,0,8,23.8,16,0,10,0,0.355
1,43,1,171,1,1,144.0,1,19,19,9,4,121.6,0,0,0,1,1,0,22,0,13.9,-0.3,0.79,1,0,0.0,0,0,0,0,0.595
1,1,1,171,1,1,133.1,1,1,37,9,9,117.0,0,0,1,1,1,0,19,0,15.5,2.8,-4.06,1,0,0.0,0,0,0,0,0.56
1,44,1,9119,1,39,130.0,1,38,19,9,5,130.0,1,0,0,1,1,0,19,0,12.4,0.5,1.79,0,5,24.1,19,0,10,0,0.355
1,15,1,9119,1,1,133.1,41,2,2,2,2,100.0,0,0,1,1,1,0,24,1,8.9,1.4,3.51,0,13,24.976190476190474,16,3,14,0,0.37
1,1,1,9119,1,1,148.0,1,19,19,9,8,129.8,0,0,0,0,1,1,18,0,8.9,1.4,3.51,0,10,29.2,12,0,10,0,0.425
1,1,1,9238,1,1,135.0,1,19,38,7,5,121.0,0,0,0,1,0,0,20,0,9.4,-0.8,-3.12,0,2,23.0,26,0,12,0,0.4
1,1,6,9773,1,1,145.0,1,1,19,4,4,131.0,1,0,0,1,0,1,18,0,7.6,2.6,0.32,0,11,23.366666666666667,16,0,12,0,0.35
1,44,1,9238,1,39,140.0,1,37,19,191,102,136.1,1,0,1,1,0,0,21,0,12.4,0.5,1.79,0,5,24.5,14,5,12,0,0.355
4,39,1,9853,1,19,133.1,1,38,19,9,9,108.0,0,0,1,0,0,0,33,0,8.9,1.4,3.51,0,13,25.523809523809526,15,0,14,0,0.4
1,39,1,9085,1,1,133.1,1,3,3,4,2,144.9,1,0,0,1,0,0,26,0,12.4,0.5,1.79,0,7,24.55,30,0,12,0,0.37
1,43,1,9670,1,39,110.0,1,19,3,7,10,110.0,0,0,0,1,0,0,21,0,16.2,0.3,-0.92,0,9,25.083333333333336,16,0,12,2,0.355
1,44,1,9085,1,39,140.0,1,1,19,9,9,140.0,1,0,0,1,0,0,20,0,16.2,0.3,-0.92,0,11,24.355555555555554,24,2,12,0,0.355
1,44,1,9085,1,39,150.0,1,38,1,5,5,150.0,0,0,0,1,0,0,20,0,12.7,3.7,-1.7,0,6,25.75,17,0,10,1,0.36
1,39,1,9003,1,19,133.1,1,37,37,9,4,140.0,0,0,0,1,1,0,43,0,16.2,0.3,-0.92,0,11,25.017857142857142,22,0,12,0,0.365
5,39,1,9147,1,1,133.1,1,19,19,9,9,119.8,0,0,0,1,1,0,26,0,11.1,0.6,2.02,0,10,22.2,14,0,10,0,0.355
1,43,1,9130,1,1,130.0,1,1,1,1,1,130.0,1,0,0,1,1,0,33,0,9.4,-0.8,-3.12,0,4,27.0,19,0,10,2,0.375
1,17,1,9254,1,1,119.0,1,1,1,4,10,125.0,0,0,0,1,1,0,19,0,10.8,1.4,1.74,0,7,21.3,17,0,12,0,0.36
1,17,3,9070,1,1,131.0,1,38,37,5,5,120.2,1,0,0,1,1,0,18,0,15.5,2.8,-4.06,0,11,24.233333333333334,14,0,12,0,0.36
1,1,1,9147,1,1,120.0,1,34,34,99,99,111.6,0,0,1,1,1,1,21,0,10.8,1.4,1.74,0,8,25.433333333333334,14,0,10,0,0.335
1,1,2,9147,1,1,116.0,1,37,1,5,3,124.8,1,0,0,1,1,0,20,0,7.6,2.6,0.32,0,4,26.833333333333336,19,0,10,0,0.39
1,44,1,9003,1,1,120.0,1,1,3,144,123,120.0,0,0,0,1,1,0,19,0,16.2,0.3,-0.92,0,1,11.0,36,0,12,0,0.405
1,39,1,9119,1,1,130.0,1,19,37,9,9,134.0,0,0,0,1,1,1,24,0,12.7,3.7,-1.7,0,9,25.833333333333336,16,0,10,0,0.32
1,1,1,9254,1,1,133.1,1,3,1,2,4,125.0,0,0,0,1,1,0,21,0,12.7,3.7,-1.7,0,7,22.833333333333336,24,0,12,0,0.38
1,39,1,9119,1,1,133.1,1,37,19,9,3,123.0,0,0,0,1,1,1,28,0,9.4,-0.8,-3.12,0,8,26.761904761904763,25,0,10,0,0.33
1,51,1,9085,1,40,120.0,1,3,3,4,2,125.0,0,0,0,1,0,0,28,0,11.1,0.6,2.02,0,10,30.02857142857143,20,0,12,0,0.37
1,44,1,9085,1,1,130.0,1,1,1,4,3,130.0,1,0,0,1,0,0,20,0,12.4,0.5,1.79,0,9,23.8,32,0,12,0,0.37
1,1,3,9853,1,1,122.0,1,3,3,2,2,112.6,1,0,0,1,0,0,23,0,7.6,2.6,0.32,0,10,25.2,16,0,12,0,0.385
1,44,1,9085,1,39,160.0,1,1,1,4,4,160.0,1,0,0,1,0,0,23,0,12.4,0.5,1.79,0,6,26.9,29,2,12,0,0.37
1,43,1,9556,1,1,126.0,1,2,3,3,2,100.0,0,0,0,1,0,0,25,0,10.8,1.4,1.74,0,6,24.666666666666664,20,3,15,4,0.37
1,1,2,9500,1,1,106.0,1,1,19,4,4,106.4,1,0,0,1,0,1,19,0,12.4,0.5,1.79,0,11,25.725714285714286,18,0,14,0,0.35
1,44,1,9003,1,39,150.0,1,1,38,4,9,150.0,0,0,0,1,1,1,20,0,15.5,2.8,-4.06,0,6,23.666666666666664,35,0,12,0,0.325
1,44,1,9003,1,39,130.0,1,3,1,4,6,130.0,0,0,0,1,1,0,19,0,12.4,0.5,1.79,0,11,22.833333333333336,19,0,12,0,0.36
1,43,1,9500,1,1,125.0,1,37,37,9,7,123.6,1,0,0,1,0,1,18,0,7.6,2.6,0.32,0,10,25.72,16,0,14,0,0.32
1,1,3,9500,1,1,131.0,1,19,3,3,2,126.1,1,0,0,1,0,0,18,0,15.5,2.8,-4.06,0,14,25.411250000000003,19,0,15,0,0.385
1,44,1,9003,1,39,140.0,1,4,4,4,2,120.0,1,0,0,1,1,0,22,0,12.4,0.5,1.79,0,7,24.5,26,0,12,0,0.37
1,1,1,9119,1,1,142.0,1,1,38,4,3,129.8,1,0,0,1,1,0,18,0,10.8,1.4,1.74,0,1,15.0,11,0,10,0,0.43
1,17,1,9670,1,1,128.0,1,37,37,9,9,135.7,1,0,0,1,1,0,19,0,10.8,1.4,1.74,0,10,26.45,17,0,12,0,0.355
1,43,1,9070,1,1,100.0,1,37,37,9,9,108.0,1,0,0,1,1,0,34,0,7.6,2.6,0.32,0,14,23.285714285714285,24,11,24,0,0.355
1,1,1,9254,1,1,125.0,1,37,37,9,9,122.9,0,0,0,1,1,1,19,0,10.8,1.4,1.74,0,9,22.833333333333332,19,0,12,0,0.335
1,1,1,9238,1,1,125.0,1,19,38,7,7,118.7,0,0,0,1,1,0,20,0,15.5,2.8,-4.06,0,7,23.083333333333336,25,0,12,0,0.37
1,1,1,9254,1,1,128.0,1,19,19,7,8,120.0,1,0,0,1,0,1,20,0,12.4,0.5,1.79,0,11,29.5,13,0,12,0,0.335
1,1,1,9238,1,1,108.0,1,19,38,9,9,107.3,0,1,0,1,0,1,19,0,12.4,0.5,1.79,0,8,21.15,23,0,12,0,0.335
1,18,1,9853,1,1,133.1,1,1,19,141,182,106.0,1,0,1,1,0,0,21,0,8.9,1.4,3.51,0,13,25.5,15,0,14,0,0.355
1,1,4,9670,1,1,130.0,1,1,1,9,9,124.1,1,0,0,1,0,0,18,0,8.9,1.4,3.51,0,12,27.595238095238095,13,0,12,0,0.365
1,1,6,9500,1,1,120.0,41,1,1,9,6,114.8,1,0,0,1,0,0,21,1,11.1,0.6,2.02,0,9,27.07,20,0,14,0,0.365
1,17,5,9070,1,1,125.0,1,19,1,5,5,122.6,1,0,0,1,1,0,22,0,9.4,-0.8,-3.12,0,1,11.0,12,0,12,0,0.41
2,7,1,9147,1,3,120.0,1,37,37,9,9,120.0,0,0,0,1,0,0,33,0,10.8,1.4,1.74,0,10,23.85,22,5,15,2,0.355
1,17,3,9254,1,1,127.0,1,37,37,9,6,123.5,1,0,0,1,0,1,20,0,7.6,2.6,0.32,0,7,22.5,23,0,12,0,0.32
2,39,1,9147,1,1,140.0,1,37,37,6,10,131.8,0,0,0,1,0,0,35,0,10.8,1.4,1.74,0,8,26.057142857142857,16,0,10,0,0.355
1,1,1,9238,1,1,157.0,1,3,38,1,5,136.7,1,0,0,1,0,0,22,0,9.4,-0.8,-3.12,0,7,26.166666666666664,24,0,12,1,0.37
1,17,1,9773,1,1,144.0,1,19,19,4,4,130.7,1,0,0,1,0,0,20,0,7.6,2.6,0.32,0,11,23.266666666666666,17,0,12,0,0.37
1,1,1,9670,1,1,119.0,1,37,37,10,6,119.7,1,0,0,1,0,0,20,0,7.6,2.6,0.32,0,6,26.0,13,0,10,1,0.37
1,1,1,171,1,1,125.0,1,19,19,5,4,136.2,1,0,1,1,1,0,21,0,8.9,1.4,3.51,0,20,23.245454545454542,30,10,23,1,0.385
1,43,1,9147,1,1,127.0,25,1,5,9,10,124.2,1,0,0,1,1,0,23,1,15.5,2.8,-4.06,0,1,10.0,11,0,10,0,0.405
1,39,1,9003,1,1,140.0,1,19,19,9,6,135.4,1,0,0,1,0,0,24,0,12.4,0.5,1.79,0,9,23.05,23,0,12,0,0.355
1,1,1,9147,1,1,126.0,1,19,19,9,9,115.2,0,0,1,1,0,0,19,0,12.4,0.5,1.79,0,3,20.0,21,0,10,0,0.38
1,1,1,9254,1,1,123.0,1,38,37,5,5,125.1,0,0,0,1,0,0,19,0,16.2,0.3,-0.92,0,8,23.5,18,0,12,0,0.375
1,1,3,9254,1,1,121.0,1,19,19,9,9,125.9,1,0,0,1,0,0,22,0,9.4,-0.8,-3.12,0,6,23.5,22,0,12,0,0.37
2,39,1,9147,1,1,120.0,1,37,37,5,5,124.6,0,0,0,1,0,0,36,0,10.8,1.4,1.74,0,7,24.375,20,0,10,0,0.36
1,1,1,9500,1,1,103.0,1,1,19,9,9,108.3,0,0,0,1,0,1,20,0,11.1,0.6,2.02,1,0,0.0,29,0,14,0,0.555
4,39,1,9773,1,38,133.1,1,19,19,7,9,133.0,0,0,0,1,0,0,40,0,16.2,0.3,-0.92,0,10,25.6,15,0,12,0,0.355
1,5,1,9147,1,1,126.0,1,19,38,5,6,117.3,1,0,0,1,0,0,19,0,13.9,-0.3,0.79,0,6,21.3,21,0,10,0,0.36
1,15,1,9556,1,1,114.0,26,3,19,122,144,114.0,0,0,0,1,0,0,20,1,8.9,1.4,3.51,0,2,11.666666666666666,26,0,14,6,0.38
4,1,1,9991,0,1,140.0,1,37,37,9,7,139.0,0,0,0,1,0,1,38,0,9.4,-0.8,-3.12,0,10,22.4,15,0,10,0,0.335
1,1,1,171,1,1,133.1,1,19,38,9,8,128.2,1,0,0,1,1,1,19,0,8.9,1.4,3.51,0,22,26.151515151515152,27,10,23,0,0.335
1,17,1,9238,1,1,130.0,1,37,37,9,9,122.0,1,0,0,1,0,1,21,0,12.7,3.7,-1.7,0,6,21.4,21,0,12,0,0.32
1,17,2,9500,1,1,145.0,1,2,38,3,8,136.3,1,0,0,1,0,0,18,0,12.7,3.7,-1.7,0,14,24.571428571428573,24,0,16,0,0.36
1,43,1,9070,1,1,150.0,1,2,3,3,2,140.8,0,0,0,1,0,0,19,0,10.8,1.4,1.74,0,11,25.15,14,1,12,0,0.37
1,42,1,9003,1,39,140.0,1,19,1,5,5,140.0,0,0,0,1,0,0,22,0,15.5,2.8,-4.06,0,10,26.238095238095237,22,0,12,0,0.36
1,17,1,171,1,1,146.0,1,1,38,9,9,135.5,1,0,1,1,0,0,22,0,11.1,0.6,2.02,0,23,23.083333333333336,41,22,34,0,0.355
1,43,1,8014,0,1,120.0,1,38,19,5,4,118.3,0,0,0,1,0,0,20,0,12.7,3.7,-1.7,0,11,26.166666666666664,13,2,12,0,0.37
2,39,1,9238,1,19,133.1,1,1,2,4,6,130.0,0,0,0,1,0,0,31,0,9.4,-0.8,-3.12,0,12,26.166666666666664,14,0,12,0,0.36
1,1,2,9670,1,1,143.0,1,37,37,9,7,131.8,1,0,0,1,0,1,18,0,12.4,0.5,1.79,0,11,26.371428571428574,14,0,12,0,0.335
1,1,1,9085,1,1,131.0,1,37,37,9,6,130.7,0,0,1,1,0,0,21,0,10.8,1.4,1.74,0,6,22.5,22,0,10,1,0.37
1,17,3,9254,1,1,115.0,1,37,19,5,5,109.8,1,0,0,1,0,0,19,0,10.8,1.4,1.74,0,8,23.25,16,0,12,0,0.36
1,39,1,9500,1,1,130.0,1,38,37,5,7,120.0,1,0,0,1,0,1,25,0,9.4,-0.8,-3.12,0,14,26.58,22,0,16,6,0.325
2,43,1,9991,0,1,140.0,1,37,37,3,10,107.8,0,0,0,1,0,0,33,0,7.6,2.6,0.32,0,17,20.819444444444443,28,15,20,0,0.36
1,43,1,9556,1,1,149.0,1,1,1,4,8,140.2,1,1,0,1,0,0,20,0,12.7,3.7,-1.7,0,15,24.958333333333336,17,1,15,0,0.36
1,1,2,9147,1,1,125.0,1,1,19,4,9,124.0,1,0,0,1,0,0,19,0,10.8,1.4,1.74,0,9,22.95,16,0,10,0,0.375
1,1,3,9070,1,1,128.0,1,19,19,3,3,129.8,1,0,0,1,0,0,20,0,9.4,-0.8,-3.12,0,9,25.166666666666668,12,0,12,0,0.385
1,1,1,9085,1,1,145.0,1,38,37,3,9,138.4,1,0,0,0,0,0,18,0,8.9,1.4,3.51,0,12,27.333333333333336,15,0,12,0,0.425
1,1,1,9085,1,1,147.0,1,37,19,9,5,133.7,1,0,0,1,0,1,19,0,10.8,1.4,1.74,0,7,24.9,21,0,10,1,0.335
1,43,1,9500,1,1,121.0,1,38,19,5,5,115.4,1,0,0,1,0,1,24,0,12.7,3.7,-1.7,0,14,23.942857142857143,16,0,16,0,0.325
1,1,3,9085,1,1,134.0,1,38,19,9,5,129.1,0,0,0,1,0,0,19,0,7.6,2.6,0.32,0,7,25.5,14,0,10,0,0.37
1,44,1,9085,1,39,140.0,1,3,38,2,9,140.0,1,0,0,1,0,0,21,0,12.4,0.5,1.79,0,16,24.45,45,11,24,0,0.36
1,1,1,9254,1,1,118.0,1,37,37,7,7,114.2,0,0,0,1,0,0,18,0,16.2,0.3,-0.92,0,10,23.799999999999997,20,0,12,0,0.37
1,39,1,9556,1,1,130.0,1,19,38,9,8,113.3,0,0,0,1,0,0,24,0,12.4,0.5,1.79,0,12,24.55,29,0,15,0,0.355
1,43,1,9556,1,1,128.0,1,38,38,7,8,123.5,1,0,0,1,0,0,22,0,12.7,3.7,-1.7,0,14,22.581944444444446,24,0,15,1,0.355
4,39,1,9085,1,1,140.0,1,37,37,9,9,154.6,0,0,0,0,0,1,44,0,8.9,1.4,3.51,0,6,22.75,27,0,12,0,0.4
1,1,1,9147,1,1,117.0,1,37,37,9,9,120.2,1,0,0,1,0,0,20,0,7.6,2.6,0.32,0,4,21.0,19,0,10,0,0.38
1,1,1,171,1,1,135.0,1,19,4,9,2,143.8,1,0,1,1,0,0,19,0,12.7,3.7,-1.7,1,0,0.0,0,0,0,0,0.62
1,1,3,9500,1,1,131.0,1,37,37,9,9,118.0,1,0,0,1,0,1,18,0,12.7,3.7,-1.7,0,14,26.485714285714288,16,0,16,0,0.335
1,17,2,9254,1,1,118.0,22,19,37,9,9,110.3,1,0,0,0,0,0,18,1,11.1,0.6,2.02,0,10,24.4,13,0,12,0,0.4
1,18,1,9991,0,1,133.1,1,38,38,5,5,145.0,0,0,0,1,0,1,21,0,10.8,1.4,1.74,0,8,24.05,14,0,10,0,0.325
1,18,5,9853,1,1,110.0,1,19,37,7,7,110.0,1,0,0,1,0,0,20,0,10.8,1.4,1.74,0,7,24.083333333333336,24,0,12,0,0.355
1,1,1,9238,1,1,135.0,1,38,38,4,7,121.7,1,0,0,1,0,1,18,0,7.6,2.6,0.32,0,4,11.0,23,0,12,0,0.35
1,43,2,9147,1,1,131.0,1,19,37,5,9,123.7,1,0,0,1,0,0,18,0,7.6,2.6,0.32,0,2,28.0,20,0,10,0,0.385
1,39,1,9085,1,1,133.1,1,37,37,9,9,148.2,1,0,1,1,0,0,27,0,12.4,0.5,1.79,0,11,24.125,27,0,12,0,0.355
1,17,1,9853,1,1,127.0,1,38,37,5,7,121.8,1,0,1,1,0,0,18,0,10.8,1.4,1.74,0,7,24.166666666666664,26,0,12,0,0.36
1,1,1,9991,0,1,131.0,1,19,37,9,9,118.4,1,0,0,1,0,0,20,0,7.6,2.6,0.32,1,0,0.0,20,0,10,3,0.595
1,17,2,9085,1,1,138.0,1,37,37,9,7,123.3,1,0,0,1,0,0,19,0,9.4,-0.8,-3.12,0,7,25.75,25,0,10,4,0.355
1,44,1,9085,1,39,140.0,1,1,39,3,9,140.0,1,0,0,1,0,0,20,0,13.9,-0.3,0.79,0,10,24.166666666666664,19,2,12,0,0.36
1,17,2,9853,1,1,150.0,1,37,37,5,6,132.5,1,0,0,1,0,0,22,0,10.8,1.4,1.74,0,9,23.85,17,0,12,0,0.36
1,5,1,9853,1,1,119.0,1,1,38,5,8,118.3,1,0,0,1,0,0,22,0,9.4,-0.8,-3.12,0,7,25.25,22,0,12,0,0.36
1,17,1,171,1,1,125.0,1,1,1,7,3,143.9,1,0,0,1,0,0,20,0,15.5,2.8,-4.06,1,0,0.0,0,0,0,0,0.625
1,17,3,9773,1,1,135.0,1,1,19,5,7,135.0,0,0,0,1,0,0,18,0,12.4,0.5,1.79,0,12,26.833333333333336,12,0,12,0,0.36
2,39,1,8014,0,1,133.1,1,37,37,5,4,134.5,0,0,0,1,0,0,45,0,15.5,2.8,-4.06,0,10,26.6,15,0,12,0,0.37
1,39,1,9991,0,1,140.0,1,38,19,9,5,130.0,0,0,1,1,0,0,25,0,12.7,3.7,-1.7,0,8,23.25,19,0,10,0,0.355
1,1,2,9147,1,1,113.0,1,38,38,9,5,107.4,1,0,0,1,1,0,20,0,12.4,0.5,1.79,0,7,21.75,22,0,10,0,0.37
1,1,3,9238,1,1,133.1,1,1,1,9,9,100.0,1,0,0,1,1,0,22,0,8.9,1.4,3.51,0,7,22.25,13,0,12,0,0.365
1,1,4,9500,1,1,127.0,1,19,37,7,7,121.5,1,0,0,1,1,0,20,0,7.6,2.6,0.32,0,12,26.03333333333333,14,0,14,0,0.37
1,1,1,9070,1,1,132.0,1,4,39,2,2,136.6,1,0,0,1,0,0,18,0,13.9,-0.3,0.79,0,12,22.089285714285715,25,1,12,1,0.385
1,17,5,9670,1,1,115.0,1,1,19,5,5,117.1,0,0,0,1,0,0,21,0,7.6,2.6,0.32,0,7,25.416666666666664,13,0,10,1,0.36
1,44,1,171,1,39,140.0,1,1,1,9,9,140.0,0,0,0,1,1,0,21,0,15.5,2.8,-4.06,1,0,0.0,0,0,0,0,0.565
1,17,2,9070,1,1,142.0,1,3,1,2,4,141.0,1,0,0,1,1,0,18,0,10.8,1.4,1.74,0,7,23.0,14,0,12,0,0.37
1,17,2,9085,1,1,123.0,1,3,19,2,9,118.9,0,0,0,1,1,0,18,0,7.6,2.6,0.32,0,6,26.666666666666664,12,0,10,0,0.36
1,1,1,9254,1,1,131.0,1,37,19,9,9,134.5,1,0,0,1,1,0,25,0,7.6,2.6,0.32,0,11,25.766666666666666,16,0,12,0,0.37
1,17,1,9119,1,1,141.0,1,37,1,9,2,133.0,1,0,0,1,1,0,18,0,7.6,2.6,0.32,0,7,25.333333333333336,20,0,10,3,0.365
1,1,1,9085,1,1,133.1,1,3,1,4,9,105.0,1,0,0,1,1,0,21,0,12.4,0.5,1.79,0,3,11.25,24,0,12,0,0.38
1,39,2,9556,1,1,130.0,1,37,19,9,8,110.0,0,0,0,1,1,1,24,0,12.7,3.7,-1.7,0,13,22.714285714285715,20,0,14,0,0.32
1,1,5,9147,1,1,134.0,1,3,2,2,2,134.7,0,0,0,1,1,0,22,0,7.6,2.6,0.32,0,7,22.75,20,1,10,0,0.385
1,39,1,9003,1,1,130.0,1,38,19,9,6,120.0,1,0,0,1,1,0,28,0,15.5,2.8,-4.06,0,14,22.625,36,12,23,0,0.355
1,1,6,9119,1,1,135.0,1,2,1,3,5,123.5,1,0,0,1,1,0,18,0,7.6,2.6,0.32,0,1,10.0,20,0,10,3,0.42
1,15,1,9147,1,1,135.0,26,1,1,9,7,135.0,0,0,1,1,1,0,21,1,8.9,1.4,3.51,0,7,23.583333333333336,17,0,10,0,0.355
4,39,1,9991,0,1,147.0,1,19,19,7,8,147.9,0,0,0,1,0,0,28,0,10.8,1.4,1.74,0,8,23.5,15,0,10,0,0.355
1,1,1,9147,1,1,123.0,1,1,1,4,6,118.8,1,0,0,1,0,0,21,0,7.6,2.6,0.32,0,5,23.166666666666664,22,0,10,0,0.37
1,1,2,9773,1,1,129.0,1,37,37,9,7,117.1,1,0,0,1,0,0,20,0,9.4,-0.8,-3.12,0,2,34.0,24,0,12,0,0.4
1,1,1,9670,1,1,131.0,1,37,37,9,6,127.2,0,0,0,1,0,1,18,0,9.4,-0.8,-3.12,0,7,25.166666666666664,12,0,10,0,0.335
1,17,2,9500,1,1,140.0,1,1,1,5,10,128.5,1,0,0,1,0,0,18,0,12.4,0.5,1.79,0,11,26.63142857142857,18,0,14,0,0.36
4,39,1,9991,0,1,150.0,1,37,38,9,9,146.2,0,0,0,1,0,0,30,0,12.4,0.5,1.79,0,7,23.133333333333333,21,0,10,0,0.355
1,17,1,9238,1,1,132.0,1,37,37,9,9,123.6,1,0,0,1,0,0,18,0,7.6,2.6,0.32,0,8,22.25,19,0,12,0,0.355
1,1,1,9500,1,1,136.0,1,2,2,3,3,120.0,1,0,0,1,1,0,18,0,7.6,2.6,0.32,0,12,23.666666666666668,16,0,14,0,0.385
1,1,1,9238,1,1,124.0,1,37,37,7,9,121.2,0,0,0,1,0,0,19,0,7.6,2.6,0.32,0,8,23.833333333333336,21,0,12,0,0.37
1,1,2,9238,1,1,145.0,1,1,19,4,8,121.4,0,0,0,1,0,0,20,0,9.4,-0.8,-3.12,1,0,0.0,24,0,11,0,0.62
2,7,1,9500,1,3,130.0,1,37,37,9,5,130.0,0,0,0,1,0,0,32,0,15.5,2.8,-4.06,0,14,25.82486111111111,20,1,15,0,0.355
1,1,1,9147,1,1,151.0,1,37,1,4,10,138.4,0,0,0,1,0,0,18,0,10.8,1.4,1.74,0,9,22.25,14,0,10,0,0.37
1,5,4,9853,1,1,116.0,1,3,38,3,8,110.4,1,0,0,1,0,0,21,0,9.4,-0.8,-3.12,0,8,24.266666666666666,18,0,12,0,0.36
1,18,2,9853,1,1,168.0,1,1,19,3,9,126.8,1,0,0,1,1,0,18,0,10.8,1.4,1.74,0,11,25.6,13,0,12,0,0.36
1,1,1,9070,1,1,145.0,1,1,38,5,7,127.5,1,0,0,1,1,0,20,0,10.8,1.4,1.74,0,6,23.333333333333336,14,0,12,0,0.375
1,43,1,9070,1,1,125.0,1,19,19,7,8,133.4,1,0,0,1,1,1,19,0,13.9,-0.3,0.79,0,9,25.2,13,6,12,0,0.32
1,43,1,33,1,1,143.0,1,37,1,9,10,121.2,1,0,0,1,1,0,25,0,12.4,0.5,1.79,0,7,24.6,23,7,18,0,0.355
